id_compra,id_proveedor,id_sucursal,fecha_compra,total_compra,numero_factura,estado
1,1,1,2023-01-03 09:54:00,246.78,FCP-01-000001,recibida
2,11,5,2023-01-07 10:40:00,1040.52,FCP-01-000002,recibida
3,14,1,2023-01-13 14:58:00,1111.26,FCP-01-000003,recibida
4,15,5,2023-01-18 09:23:00,510.49,FCP-01-000004,recibida
5,2,1,2023-01-20 18:03:00,1044.52,FCP-01-000005,recibida
6,5,1,2023-01-25 17:03:00,1134.12,FCP-01-000006,recibida
7,15,1,2023-01-28 17:07:00,516.51,FCP-01-000007,recibida
8,1,1,2023-01-30 12:19:00,805.86,FCP-01-000008,recibida
9,13,1,2023-02-03 10:57:00,1254.18,FCP-01-000009,recibida
10,12,1,2023-02-06 14:31:00,996.81,FCP-01-000010,recibida
11,14,1,2023-02-09 10:54:00,459.22,FCP-01-000011,recibida
12,6,1,2023-02-12 14:42:00,1442.29,FCP-01-000012,recibida
13,6,6,2023-02-20 17:07:00,994.42,FCP-01-000013,recibida
14,1,7,2023-02-25 18:24:00,494.58,FCP-01-000014,recibida
15,10,1,2023-02-27 11:55:00,1922.96,FCP-01-000015,recibida
16,13,1,2023-03-02 11:28:00,581.28,FCP-01-000016,recibida
17,1,1,2023-03-07 17:18:00,2048.3,FCP-01-000017,recibida
18,4,1,2023-03-12 18:14:00,593.16,FCP-01-000018,recibida
19,13,1,2023-03-14 15:14:00,1203.28,FCP-01-000019,recibida
20,15,6,2023-03-17 18:51:00,1180.42,FCP-01-000020,recibida
21,1,1,2023-03-24 10:20:00,499.85,FCP-01-000021,recibida
22,9,1,2023-03-28 09:02:00,1145.22,FCP-01-000022,recibida
23,5,1,2023-04-06 17:24:00,865.16,FCP-01-000023,recibida
24,10,1,2023-04-11 12:56:00,1173.62,FCP-01-000024,recibida
25,5,1,2023-04-15 11:02:00,1336.38,FCP-01-000025,recibida
26,7,6,2023-04-26 17:05:00,1542.36,FCP-01-000026,recibida
27,13,6,2023-05-01 14:21:00,852.65,FCP-01-000027,recibida
28,9,1,2023-05-09 18:35:00,1398.24,FCP-01-000028,recibida
29,8,1,2023-05-11 08:41:00,1860.36,FCP-01-000029,recibida
30,9,6,2023-05-16 12:19:00,870.0,FCP-01-000030,recibida
31,8,7,2023-05-18 18:14:00,1013.57,FCP-01-000031,recibida
32,1,5,2023-05-26 10:29:00,637.96,FCP-01-000032,recibida
33,10,7,2023-05-28 16:51:00,1273.77,FCP-01-000033,recibida
34,14,1,2023-06-10 17:01:00,826.54,FCP-01-000034,recibida
35,8,1,2023-06-15 10:03:00,1117.62,FCP-01-000035,recibida
36,14,1,2023-06-24 14:56:00,1474.19,FCP-01-000036,recibida
37,5,1,2023-07-03 10:17:00,444.62,FCP-01-000037,recibida
38,3,1,2023-07-05 14:13:00,1037.41,FCP-01-000038,recibida
39,11,7,2023-07-08 10:29:00,821.01,FCP-01-000039,recibida
40,12,6,2023-07-13 16:35:00,1005.84,FCP-01-000040,recibida
41,14,1,2023-07-17 11:06:00,1127.1,FCP-01-000041,recibida
42,14,1,2023-07-21 10:34:00,1617.71,FCP-01-000042,recibida
43,9,5,2023-07-24 11:24:00,1457.96,FCP-01-000043,recibida
44,13,1,2023-07-26 09:39:00,1144.59,FCP-01-000044,recibida
45,5,1,2023-08-03 08:42:00,904.81,FCP-01-000045,recibida
46,8,1,2023-08-06 16:26:00,773.17,FCP-01-000046,recibida
47,1,1,2023-08-11 18:53:00,930.42,FCP-01-000047,recibida
48,14,1,2023-08-15 08:31:00,1601.04,FCP-01-000048,recibida
49,11,1,2023-08-22 17:40:00,783.15,FCP-01-000049,recibida
50,3,1,2023-08-25 09:32:00,1473.0,FCP-01-000050,recibida
51,1,1,2023-08-30 15:36:00,1058.95,FCP-01-000051,recibida
52,8,1,2023-09-07 18:56:00,690.91,FCP-01-000052,recibida
53,15,1,2023-09-10 08:40:00,941.98,FCP-01-000053,recibida
54,6,1,2023-09-19 08:48:00,982.41,FCP-01-000054,recibida
55,11,1,2023-09-23 18:02:00,1426.93,FCP-01-000055,recibida
56,14,1,2023-10-07 18:59:00,991.91,FCP-01-000056,recibida
57,11,1,2023-10-09 18:52:00,1428.19,FCP-01-000057,recibida
58,2,1,2023-10-12 15:36:00,1219.7,FCP-01-000058,recibida
59,13,1,2023-10-15 13:08:00,1291.49,FCP-01-000059,recibida
60,5,7,2023-10-17 17:29:00,1358.59,FCP-01-000060,recibida
61,9,6,2023-10-23 08:24:00,977.11,FCP-01-000061,recibida
62,3,1,2023-10-26 09:17:00,787.04,FCP-01-000062,recibida
63,1,1,2023-10-30 14:02:00,1407.83,FCP-01-000063,recibida
64,4,1,2023-11-03 12:31:00,743.59,FCP-01-000064,recibida
65,13,7,2023-11-06 10:09:00,1078.45,FCP-01-000065,recibida
66,8,1,2023-11-11 09:04:00,708.11,FCP-01-000066,recibida
67,4,1,2023-11-13 15:38:00,1167.95,FCP-01-000067,recibida
68,5,5,2023-11-20 14:30:00,1008.71,FCP-01-000068,recibida
69,13,1,2023-11-23 08:00:00,1652.55,FCP-01-000069,recibida
70,7,1,2023-11-27 16:13:00,600.08,FCP-01-000070,recibida
71,8,5,2023-11-30 17:26:00,1225.58,FCP-01-000071,recibida
72,11,1,2023-12-05 08:41:00,529.02,FCP-01-000072,recibida
73,15,1,2023-12-09 13:32:00,1392.08,FCP-01-000073,recibida
74,13,1,2023-12-14 15:16:00,1069.82,FCP-01-000074,recibida
75,7,1,2024-01-01 18:49:00,818.73,FCP-01-000075,recibida
76,13,1,2024-01-06 14:06:00,1102.92,FCP-01-000076,recibida
77,11,1,2024-01-10 13:34:00,629.94,FCP-01-000077,recibida
78,5,1,2024-01-15 18:40:00,1492.96,FCP-01-000078,recibida
79,11,1,2024-01-25 12:50:00,1577.39,FCP-01-000079,recibida
80,10,6,2024-01-29 09:16:00,1736.72,FCP-01-000080,recibida
81,4,1,2024-02-08 12:48:00,983.56,FCP-01-000081,recibida
82,9,1,2024-02-14 11:46:00,1025.71,FCP-01-000082,recibida
83,8,1,2024-02-18 18:14:00,1495.37,FCP-01-000083,recibida
84,4,1,2024-02-23 08:36:00,480.14,FCP-01-000084,recibida
85,11,1,2024-02-28 15:18:00,711.35,FCP-01-000085,recibida
86,8,6,2024-03-02 15:28:00,685.08,FCP-01-000086,recibida
87,3,1,2024-03-04 09:03:00,1356.39,FCP-01-000087,recibida
88,15,1,2024-03-16 15:59:00,960.49,FCP-01-000088,recibida
89,13,1,2024-03-21 13:29:00,485.39,FCP-01-000089,recibida
90,9,7,2024-03-24 09:23:00,1550.42,FCP-01-000090,recibida
91,14,1,2024-03-28 11:13:00,1458.84,FCP-01-000091,recibida
92,3,7,2024-04-04 15:58:00,1004.37,FCP-01-000092,recibida
93,5,1,2024-04-19 11:41:00,1116.54,FCP-01-000093,recibida
94,11,1,2024-04-26 16:56:00,1990.88,FCP-01-000094,recibida
95,12,1,2024-05-01 08:47:00,1112.82,FCP-01-000095,recibida
96,12,1,2024-05-03 18:50:00,1803.53,FCP-01-000096,recibida
97,11,5,2024-05-13 14:41:00,447.14,FCP-01-000097,recibida
98,8,1,2024-05-21 08:58:00,348.11,FCP-01-000098,recibida
99,9,1,2024-05-28 09:31:00,1546.82,FCP-01-000099,recibida
100,5,1,2024-06-09 13:33:00,993.52,FCP-01-000100,recibida
101,8,1,2024-06-13 12:54:00,692.8,FCP-01-000101,recibida
102,4,1,2024-06-20 11:14:00,672.9,FCP-01-000102,recibida
103,7,5,2024-06-29 15:13:00,321.31,FCP-01-000103,recibida
104,14,1,2024-07-06 13:09:00,1031.92,FCP-01-000104,recibida
105,6,1,2024-07-11 18:21:00,1291.78,FCP-01-000105,recibida
106,6,1,2024-07-15 09:52:00,1625.34,FCP-01-000106,recibida
107,11,1,2024-07-24 14:04:00,1374.96,FCP-01-000107,recibida
108,2,1,2024-07-28 16:25:00,1359.89,FCP-01-000108,recibida
109,1,1,2024-07-30 18:23:00,1050.47,FCP-01-000109,recibida
110,2,1,2024-08-12 11:43:00,1418.2,FCP-01-000110,recibida
111,14,1,2024-08-25 11:34:00,1096.14,FCP-01-000111,recibida
112,7,1,2024-09-02 17:07:00,732.48,FCP-01-000112,recibida
113,2,1,2024-09-04 11:31:00,776.03,FCP-01-000113,recibida
114,9,1,2024-09-07 10:29:00,1295.39,FCP-01-000114,recibida
115,11,5,2024-10-12 15:27:00,1184.27,FCP-01-000115,recibida
116,10,1,2024-10-24 13:30:00,696.52,FCP-01-000116,recibida
117,14,1,2024-10-31 12:23:00,501.19,FCP-01-000117,recibida
118,4,1,2024-11-04 16:25:00,1409.07,FCP-01-000118,recibida
119,8,5,2024-11-09 15:57:00,1309.03,FCP-01-000119,recibida
120,9,1,2024-11-14 11:10:00,1516.12,FCP-01-000120,recibida
121,1,1,2024-11-18 09:24:00,735.23,FCP-01-000121,recibida
122,8,1,2024-11-22 15:22:00,844.41,FCP-01-000122,recibida
123,15,5,2024-12-07 13:14:00,1423.1,FCP-01-000123,recibida
124,15,1,2025-01-09 17:11:00,1486.28,FCP-01-000124,recibida
125,14,7,2025-01-14 15:57:00,1374.25,FCP-01-000125,recibida
126,8,1,2025-01-17 09:04:00,515.95,FCP-01-000126,recibida
127,6,1,2025-02-02 18:18:00,521.08,FCP-01-000127,recibida
128,2,1,2025-02-06 14:21:00,453.35,FCP-01-000128,recibida
129,6,5,2025-02-13 10:03:00,1297.38,FCP-01-000129,recibida
130,15,1,2025-02-17 11:14:00,1300.42,FCP-01-000130,recibida
131,9,5,2025-02-22 10:04:00,1338.22,FCP-01-000131,recibida
132,6,1,2025-02-27 14:48:00,1065.61,FCP-01-000132,recibida
133,15,1,2025-03-02 14:25:00,1118.11,FCP-01-000133,recibida
134,6,1,2025-03-11 15:19:00,1135.62,FCP-01-000134,recibida
135,3,1,2025-03-14 13:34:00,1544.57,FCP-01-000135,recibida
136,15,6,2025-03-18 10:24:00,1107.44,FCP-01-000136,recibida
137,7,1,2025-03-23 15:26:00,1838.93,FCP-01-000137,recibida
138,15,1,2025-03-27 10:49:00,1091.21,FCP-01-000138,recibida
139,4,1,2025-03-29 12:27:00,1522.81,FCP-01-000139,recibida
140,12,1,2025-04-01 16:32:00,1251.15,FCP-01-000140,recibida
141,7,1,2025-04-04 13:07:00,1562.18,FCP-01-000141,recibida
142,9,5,2025-04-11 14:00:00,931.59,FCP-01-000142,recibida
143,15,1,2025-04-15 16:57:00,458.75,FCP-01-000143,recibida
144,13,1,2025-05-04 13:46:00,1122.77,FCP-01-000144,recibida
145,8,1,2025-05-06 10:34:00,1151.5,FCP-01-000145,recibida
146,14,1,2025-05-11 08:25:00,1308.04,FCP-01-000146,recibida
147,5,1,2025-05-15 15:08:00,1148.39,FCP-01-000147,recibida
148,10,1,2025-05-19 11:15:00,415.82,FCP-01-000148,recibida
149,11,1,2025-06-05 15:12:00,1655.14,FCP-01-000149,recibida
150,6,1,2025-06-12 18:57:00,1154.8,FCP-01-000150,recibida
151,11,1,2025-06-19 12:30:00,1161.64,FCP-01-000151,recibida
152,5,1,2025-06-24 17:49:00,747.95,FCP-01-000152,recibida
153,8,1,2025-06-26 12:42:00,1181.16,FCP-01-000153,recibida
154,11,1,2025-07-01 14:47:00,623.05,FCP-01-000154,recibida
155,14,5,2025-07-03 14:08:00,1146.97,FCP-01-000155,recibida
156,15,1,2025-07-12 14:08:00,550.8,FCP-01-000156,recibida
157,8,5,2025-07-18 17:12:00,956.94,FCP-01-000157,recibida
158,6,1,2025-07-21 15:34:00,1503.25,FCP-01-000158,recibida
159,5,1,2025-07-23 12:11:00,1093.83,FCP-01-000159,recibida
160,7,1,2025-07-27 08:27:00,1432.14,FCP-01-000160,recibida
161,4,1,2025-08-09 11:29:00,641.77,FCP-01-000161,recibida
162,5,1,2025-08-13 08:31:00,1184.5,FCP-01-000162,recibida
163,14,1,2025-08-23 18:40:00,554.07,FCP-01-000163,recibida
164,5,1,2025-08-28 11:30:00,460.4,FCP-01-000164,recibida
165,3,2,2023-01-03 15:07:00,914.68,FCP-02-000165,recibida
166,6,2,2023-01-07 09:14:00,2381.65,FCP-02-000166,recibida
167,4,2,2023-01-20 11:45:00,1530.13,FCP-02-000167,recibida
168,1,2,2023-01-25 11:36:00,948.77,FCP-02-000168,recibida
169,14,2,2023-02-08 18:21:00,1135.11,FCP-02-000169,recibida
170,5,5,2023-02-28 12:36:00,452.01,FCP-02-000170,recibida
171,5,5,2023-03-04 17:50:00,1118.82,FCP-02-000171,recibida
172,3,2,2023-03-06 17:58:00,1033.62,FCP-02-000172,recibida
173,2,2,2023-03-10 14:48:00,666.99,FCP-02-000173,recibida
174,2,2,2023-03-26 10:56:00,482.32,FCP-02-000174,recibida
175,15,2,2023-04-07 09:20:00,593.36,FCP-02-000175,recibida
176,15,5,2023-04-20 14:21:00,1163.45,FCP-02-000176,recibida
177,6,2,2023-04-25 16:24:00,258.83,FCP-02-000177,recibida
178,15,5,2023-04-29 14:21:00,1086.72,FCP-02-000178,recibida
179,9,2,2023-05-07 17:30:00,1134.07,FCP-02-000179,recibida
180,9,2,2023-05-14 18:16:00,705.79,FCP-02-000180,recibida
181,1,2,2023-05-21 13:06:00,1355.64,FCP-02-000181,recibida
182,5,2,2023-05-28 14:56:00,594.03,FCP-02-000182,recibida
183,14,2,2023-06-19 18:01:00,1361.7,FCP-02-000183,recibida
184,11,2,2023-06-22 18:47:00,1155.47,FCP-02-000184,recibida
185,14,2,2023-06-25 08:39:00,741.29,FCP-02-000185,recibida
186,1,2,2023-07-08 12:03:00,980.89,FCP-02-000186,recibida
187,12,2,2023-07-11 15:37:00,1237.42,FCP-02-000187,recibida
188,2,7,2023-07-22 15:31:00,478.09,FCP-02-000188,recibida
189,14,2,2023-08-02 17:00:00,976.55,FCP-02-000189,recibida
190,6,2,2023-08-06 16:06:00,945.54,FCP-02-000190,recibida
191,6,5,2023-08-09 16:05:00,858.41,FCP-02-000191,recibida
192,15,2,2023-08-12 09:09:00,1471.82,FCP-02-000192,recibida
193,5,2,2023-08-14 12:58:00,1179.77,FCP-02-000193,recibida
194,13,7,2023-08-16 12:42:00,340.05,FCP-02-000194,recibida
195,9,6,2023-08-31 17:43:00,793.95,FCP-02-000195,recibida
196,14,2,2023-09-03 15:40:00,816.91,FCP-02-000196,recibida
197,14,2,2023-09-07 17:25:00,1389.02,FCP-02-000197,recibida
198,7,2,2023-09-09 13:12:00,513.73,FCP-02-000198,recibida
199,13,2,2023-09-14 17:49:00,601.5,FCP-02-000199,recibida
200,6,2,2023-09-19 14:34:00,1936.85,FCP-02-000200,recibida
201,13,2,2023-09-21 16:09:00,1768.1,FCP-02-000201,recibida
202,5,6,2023-10-07 09:41:00,658.87,FCP-02-000202,recibida
203,2,2,2023-10-28 13:53:00,1084.25,FCP-02-000203,recibida
204,2,2,2023-10-30 13:21:00,1520.95,FCP-02-000204,recibida
205,2,2,2023-11-14 09:24:00,1951.55,FCP-02-000205,recibida
206,11,2,2023-11-18 14:56:00,804.94,FCP-02-000206,recibida
207,9,2,2023-11-23 12:24:00,1190.81,FCP-02-000207,recibida
208,2,6,2023-11-30 13:55:00,1462.24,FCP-02-000208,recibida
209,10,2,2023-12-03 16:10:00,983.81,FCP-02-000209,recibida
210,2,2,2023-12-05 12:46:00,1340.24,FCP-02-000210,recibida
211,4,2,2023-12-07 11:31:00,1246.03,FCP-02-000211,recibida
212,6,2,2023-12-19 14:00:00,2248.57,FCP-02-000212,recibida
213,11,5,2024-01-11 08:23:00,1054.88,FCP-02-000213,recibida
214,2,2,2024-01-14 16:45:00,550.68,FCP-02-000214,recibida
215,3,2,2024-01-19 12:30:00,897.03,FCP-02-000215,recibida
216,10,6,2024-01-24 10:07:00,1110.76,FCP-02-000216,recibida
217,5,6,2024-02-09 12:19:00,1320.16,FCP-02-000217,recibida
218,14,2,2024-02-12 12:43:00,1069.38,FCP-02-000218,recibida
219,4,7,2024-02-15 16:05:00,1095.36,FCP-02-000219,recibida
220,11,5,2024-02-17 15:50:00,967.51,FCP-02-000220,recibida
221,4,5,2024-02-21 15:17:00,1206.94,FCP-02-000221,recibida
222,4,6,2024-03-05 11:32:00,807.82,FCP-02-000222,recibida
223,15,2,2024-03-14 09:46:00,408.75,FCP-02-000223,recibida
224,1,2,2024-03-18 16:23:00,1243.89,FCP-02-000224,recibida
225,13,2,2024-03-28 12:39:00,1108.18,FCP-02-000225,recibida
226,5,2,2024-03-31 08:36:00,1349.87,FCP-02-000226,recibida
227,1,2,2024-04-12 18:11:00,1620.59,FCP-02-000227,recibida
228,10,2,2024-04-26 14:52:00,736.7,FCP-02-000228,recibida
229,13,2,2024-04-30 14:43:00,1427.32,FCP-02-000229,recibida
230,8,2,2024-05-11 17:54:00,1327.78,FCP-02-000230,recibida
231,3,2,2024-05-13 15:34:00,639.86,FCP-02-000231,recibida
232,3,5,2024-05-17 14:30:00,536.0,FCP-02-000232,recibida
233,1,2,2024-05-21 09:32:00,1123.6,FCP-02-000233,recibida
234,14,5,2024-05-24 14:20:00,525.85,FCP-02-000234,recibida
235,9,2,2024-05-27 18:45:00,628.37,FCP-02-000235,recibida
236,14,2,2024-06-12 08:20:00,1732.94,FCP-02-000236,recibida
237,14,2,2024-06-15 15:43:00,1879.05,FCP-02-000237,recibida
238,2,2,2024-06-18 12:15:00,1048.02,FCP-02-000238,recibida
239,12,2,2024-06-20 10:04:00,733.57,FCP-02-000239,recibida
240,13,6,2024-07-03 13:20:00,1465.23,FCP-02-000240,recibida
241,8,2,2024-07-11 15:47:00,824.98,FCP-02-000241,recibida
242,9,7,2024-07-14 12:35:00,1007.49,FCP-02-000242,recibida
243,4,2,2024-07-18 14:17:00,1418.71,FCP-02-000243,recibida
244,14,2,2024-08-01 12:32:00,1264.69,FCP-02-000244,recibida
245,14,2,2024-08-04 18:54:00,1281.88,FCP-02-000245,recibida
246,7,2,2024-08-11 14:32:00,784.77,FCP-02-000246,recibida
247,7,2,2024-08-16 09:18:00,761.55,FCP-02-000247,recibida
248,8,2,2024-08-20 10:11:00,1030.51,FCP-02-000248,recibida
249,3,6,2024-08-27 11:03:00,834.86,FCP-02-000249,recibida
250,6,2,2024-08-31 14:36:00,913.62,FCP-02-000250,recibida
251,14,2,2024-09-07 10:47:00,1550.54,FCP-02-000251,recibida
252,12,2,2024-09-12 13:14:00,966.62,FCP-02-000252,recibida
253,11,2,2024-09-14 08:12:00,1329.48,FCP-02-000253,recibida
254,4,6,2024-09-17 12:02:00,1728.77,FCP-02-000254,recibida
255,8,2,2024-09-24 09:30:00,1415.38,FCP-02-000255,recibida
256,12,2,2024-10-12 18:33:00,1171.84,FCP-02-000256,recibida
257,8,2,2024-10-14 11:14:00,1224.35,FCP-02-000257,recibida
258,7,5,2024-10-17 11:18:00,1237.88,FCP-02-000258,recibida
259,13,2,2024-10-30 12:31:00,613.41,FCP-02-000259,recibida
260,14,2,2024-11-01 18:34:00,557.26,FCP-02-000260,recibida
261,11,2,2024-11-04 09:49:00,646.6,FCP-02-000261,recibida
262,2,2,2024-11-08 16:38:00,1014.2,FCP-02-000262,recibida
263,10,2,2024-11-12 15:47:00,1340.31,FCP-02-000263,recibida
264,11,2,2024-11-24 11:02:00,1221.0,FCP-02-000264,recibida
265,5,6,2024-11-27 08:38:00,1217.91,FCP-02-000265,recibida
266,3,5,2024-12-07 17:51:00,1685.72,FCP-02-000266,recibida
267,13,2,2024-12-13 11:41:00,1396.61,FCP-02-000267,recibida
268,12,2,2024-12-16 09:52:00,742.67,FCP-02-000268,recibida
269,5,2,2024-12-20 13:32:00,390.64,FCP-02-000269,recibida
270,7,2,2024-12-26 16:25:00,1367.16,FCP-02-000270,recibida
271,4,2,2024-12-30 17:42:00,968.76,FCP-02-000271,recibida
272,5,2,2025-01-15 16:13:00,702.78,FCP-02-000272,recibida
273,11,6,2025-01-20 12:13:00,888.78,FCP-02-000273,recibida
274,13,2,2025-01-25 10:08:00,702.12,FCP-02-000274,recibida
275,8,2,2025-01-28 17:14:00,1183.12,FCP-02-000275,recibida
276,2,2,2025-02-08 13:34:00,596.32,FCP-02-000276,recibida
277,2,2,2025-02-13 17:01:00,381.29,FCP-02-000277,recibida
278,1,2,2025-02-16 09:54:00,651.88,FCP-02-000278,recibida
279,15,6,2025-02-21 10:26:00,955.15,FCP-02-000279,recibida
280,11,5,2025-02-28 11:24:00,1883.94,FCP-02-000280,recibida
281,14,2,2025-03-16 18:32:00,1554.76,FCP-02-000281,recibida
282,8,2,2025-03-21 10:15:00,806.32,FCP-02-000282,recibida
283,10,2,2025-04-08 10:48:00,354.1,FCP-02-000283,recibida
284,7,6,2025-04-13 12:23:00,977.98,FCP-02-000284,recibida
285,12,2,2025-04-22 11:45:00,1827.08,FCP-02-000285,recibida
286,1,2,2025-04-24 11:56:00,820.14,FCP-02-000286,recibida
287,14,2,2025-04-26 18:30:00,1211.61,FCP-02-000287,recibida
288,2,2,2025-04-30 12:15:00,1196.21,FCP-02-000288,recibida
289,12,2,2025-05-02 13:45:00,771.84,FCP-02-000289,recibida
290,14,2,2025-05-07 08:45:00,1412.97,FCP-02-000290,recibida
291,5,2,2025-05-13 15:54:00,802.66,FCP-02-000291,recibida
292,9,2,2025-05-19 15:13:00,432.66,FCP-02-000292,recibida
293,2,2,2025-06-03 18:58:00,797.82,FCP-02-000293,recibida
294,4,2,2025-06-11 14:00:00,1213.67,FCP-02-000294,recibida
295,6,2,2025-06-15 16:31:00,1066.37,FCP-02-000295,recibida
296,4,2,2025-06-19 08:29:00,670.09,FCP-02-000296,recibida
297,2,5,2025-06-24 11:58:00,1222.25,FCP-02-000297,recibida
298,8,2,2025-06-29 16:48:00,941.97,FCP-02-000298,recibida
299,12,2,2025-07-04 17:25:00,1500.86,FCP-02-000299,recibida
300,1,2,2025-07-11 08:35:00,774.03,FCP-02-000300,recibida
301,11,2,2025-07-23 16:14:00,419.46,FCP-02-000301,recibida
302,12,5,2025-07-29 15:22:00,1277.77,FCP-02-000302,recibida
303,4,2,2025-08-01 18:22:00,1451.76,FCP-02-000303,recibida
304,10,2,2025-08-06 10:24:00,1390.54,FCP-02-000304,recibida
305,2,2,2025-08-13 13:35:00,404.14,FCP-02-000305,recibida
306,11,2,2025-08-15 09:51:00,958.42,FCP-02-000306,recibida
307,7,5,2025-08-18 08:49:00,490.28,FCP-02-000307,recibida
308,14,2,2025-08-31 17:06:00,567.07,FCP-02-000308,recibida
309,3,3,2023-01-05 17:15:00,1162.9,FCP-03-000309,recibida
310,10,6,2023-01-09 15:02:00,1392.75,FCP-03-000310,recibida
311,14,3,2023-01-13 16:20:00,1333.73,FCP-03-000311,recibida
312,5,5,2023-01-17 12:17:00,1291.49,FCP-03-000312,recibida
313,7,3,2023-01-19 17:19:00,1192.82,FCP-03-000313,recibida
314,15,3,2023-01-26 16:58:00,700.01,FCP-03-000314,recibida
315,12,3,2023-02-02 13:27:00,1173.07,FCP-03-000315,recibida
316,10,3,2023-02-07 15:56:00,1700.95,FCP-03-000316,recibida
317,13,3,2023-02-11 16:04:00,1201.51,FCP-03-000317,recibida
318,1,3,2023-02-16 15:51:00,364.77,FCP-03-000318,recibida
319,12,3,2023-02-19 14:01:00,989.5,FCP-03-000319,recibida
320,3,5,2023-02-22 15:54:00,1241.1,FCP-03-000320,recibida
321,7,3,2023-03-14 16:45:00,1213.41,FCP-03-000321,recibida
322,10,3,2023-03-21 14:26:00,871.71,FCP-03-000322,recibida
323,7,3,2023-03-28 11:46:00,1242.68,FCP-03-000323,recibida
324,6,3,2023-03-31 08:20:00,841.7,FCP-03-000324,recibida
325,8,3,2023-04-05 17:20:00,1315.34,FCP-03-000325,recibida
326,4,3,2023-04-09 18:10:00,553.31,FCP-03-000326,recibida
327,4,5,2023-04-14 16:51:00,1393.7,FCP-03-000327,recibida
328,6,3,2023-04-21 14:47:00,463.37,FCP-03-000328,recibida
329,8,3,2023-04-26 14:01:00,337.65,FCP-03-000329,recibida
330,7,7,2023-04-30 12:25:00,1901.16,FCP-03-000330,recibida
331,5,3,2023-05-03 14:27:00,1512.08,FCP-03-000331,recibida
332,1,3,2023-05-07 17:23:00,765.03,FCP-03-000332,recibida
333,1,3,2023-05-12 11:33:00,552.06,FCP-03-000333,recibida
334,4,3,2023-06-04 08:50:00,2110.32,FCP-03-000334,recibida
335,12,3,2023-06-08 11:23:00,657.0,FCP-03-000335,recibida
336,6,3,2023-06-25 16:02:00,495.03,FCP-03-000336,recibida
337,2,6,2023-06-29 08:47:00,1161.6,FCP-03-000337,recibida
338,1,3,2023-07-02 12:23:00,1271.95,FCP-03-000338,recibida
339,3,3,2023-07-14 17:24:00,441.17,FCP-03-000339,recibida
340,3,6,2023-07-20 10:02:00,1496.97,FCP-03-000340,recibida
341,4,7,2023-07-24 10:59:00,736.59,FCP-03-000341,recibida
342,1,3,2023-07-28 10:28:00,1147.7,FCP-03-000342,recibida
343,13,3,2023-08-01 17:21:00,526.76,FCP-03-000343,recibida
344,13,3,2023-08-09 13:29:00,1468.77,FCP-03-000344,recibida
345,14,3,2023-08-13 08:53:00,696.59,FCP-03-000345,recibida
346,8,3,2023-08-22 14:56:00,473.75,FCP-03-000346,recibida
347,3,7,2023-08-24 17:05:00,1377.91,FCP-03-000347,recibida
348,10,3,2023-08-27 12:28:00,779.1,FCP-03-000348,recibida
349,5,3,2023-09-08 14:17:00,1802.99,FCP-03-000349,recibida
350,10,3,2023-09-15 10:35:00,1057.08,FCP-03-000350,recibida
351,14,6,2023-09-19 10:04:00,855.31,FCP-03-000351,recibida
352,15,3,2023-09-26 10:18:00,932.41,FCP-03-000352,recibida
353,12,3,2023-09-30 11:49:00,591.63,FCP-03-000353,recibida
354,6,3,2023-10-05 15:08:00,1030.49,FCP-03-000354,recibida
355,8,7,2023-10-07 14:37:00,741.25,FCP-03-000355,recibida
356,9,5,2023-10-15 09:29:00,1093.51,FCP-03-000356,recibida
357,9,3,2023-10-17 16:16:00,687.97,FCP-03-000357,recibida
358,1,3,2023-10-26 14:03:00,1114.15,FCP-03-000358,recibida
359,6,3,2023-10-29 08:22:00,1510.08,FCP-03-000359,recibida
360,2,6,2023-11-07 13:55:00,744.64,FCP-03-000360,recibida
361,5,3,2023-11-11 13:32:00,997.27,FCP-03-000361,recibida
362,14,3,2023-11-15 11:41:00,1275.35,FCP-03-000362,recibida
363,7,3,2023-11-20 18:51:00,1670.51,FCP-03-000363,recibida
364,11,3,2023-12-03 12:02:00,752.48,FCP-03-000364,recibida
365,8,3,2023-12-05 12:04:00,1307.84,FCP-03-000365,recibida
366,12,6,2023-12-16 11:36:00,1185.88,FCP-03-000366,recibida
367,10,3,2023-12-23 10:39:00,869.08,FCP-03-000367,recibida
368,10,3,2023-12-27 15:01:00,1081.12,FCP-03-000368,recibida
369,11,3,2023-12-29 17:44:00,818.22,FCP-03-000369,recibida
370,2,3,2024-01-08 08:27:00,573.22,FCP-03-000370,recibida
371,15,3,2024-01-12 15:42:00,625.55,FCP-03-000371,recibida
372,11,3,2024-02-11 16:31:00,1426.97,FCP-03-000372,recibida
373,3,3,2024-02-14 13:11:00,1676.56,FCP-03-000373,recibida
374,6,6,2024-02-19 13:04:00,561.03,FCP-03-000374,recibida
375,14,3,2024-02-23 09:50:00,1100.11,FCP-03-000375,recibida
376,5,7,2024-03-03 16:18:00,855.86,FCP-03-000376,recibida
377,10,3,2024-03-12 16:36:00,952.58,FCP-03-000377,recibida
378,10,3,2024-03-17 18:42:00,587.61,FCP-03-000378,recibida
379,15,3,2024-03-19 15:58:00,905.39,FCP-03-000379,recibida
380,7,3,2024-03-24 12:27:00,1718.18,FCP-03-000380,recibida
381,12,3,2024-04-01 13:29:00,983.77,FCP-03-000381,recibida
382,12,3,2024-04-07 08:43:00,1164.26,FCP-03-000382,recibida
383,5,3,2024-04-09 14:27:00,1271.85,FCP-03-000383,recibida
384,1,3,2024-04-12 17:40:00,851.58,FCP-03-000384,recibida
385,14,5,2024-04-17 15:06:00,1259.57,FCP-03-000385,recibida
386,14,5,2024-04-22 16:53:00,1081.15,FCP-03-000386,recibida
387,15,3,2024-04-26 16:43:00,1290.11,FCP-03-000387,recibida
388,5,3,2024-04-30 14:16:00,878.93,FCP-03-000388,recibida
389,9,3,2024-05-21 17:06:00,595.64,FCP-03-000389,recibida
390,14,3,2024-05-25 11:59:00,1145.46,FCP-03-000390,recibida
391,5,3,2024-05-27 18:39:00,1470.31,FCP-03-000391,recibida
392,2,3,2024-06-01 17:44:00,381.41,FCP-03-000392,recibida
393,10,3,2024-06-06 14:32:00,1240.01,FCP-03-000393,recibida
394,12,6,2024-06-18 11:03:00,1594.9,FCP-03-000394,recibida
395,9,3,2024-06-26 17:48:00,563.72,FCP-03-000395,recibida
396,3,3,2024-06-30 14:53:00,695.44,FCP-03-000396,recibida
397,3,3,2024-07-07 15:31:00,1271.22,FCP-03-000397,recibida
398,15,3,2024-07-09 15:48:00,1144.94,FCP-03-000398,recibida
399,12,7,2024-07-12 16:51:00,1041.62,FCP-03-000399,recibida
400,4,3,2024-07-14 17:25:00,1035.07,FCP-03-000400,recibida
401,5,3,2024-07-19 17:39:00,865.76,FCP-03-000401,recibida
402,4,3,2024-07-23 11:15:00,1173.3,FCP-03-000402,recibida
403,9,7,2024-07-31 14:31:00,1267.62,FCP-03-000403,recibida
404,4,3,2024-08-16 13:52:00,1285.59,FCP-03-000404,recibida
405,10,3,2024-08-20 13:35:00,734.82,FCP-03-000405,recibida
406,14,3,2024-08-26 16:11:00,2101.44,FCP-03-000406,recibida
407,8,6,2024-09-02 11:50:00,1263.2,FCP-03-000407,recibida
408,2,3,2024-09-08 09:00:00,1321.5,FCP-03-000408,recibida
409,8,6,2024-09-15 17:41:00,1398.98,FCP-03-000409,recibida
410,4,3,2024-09-21 10:25:00,1267.46,FCP-03-000410,recibida
411,11,6,2024-09-28 18:53:00,1601.06,FCP-03-000411,recibida
412,10,3,2024-10-03 10:31:00,1293.52,FCP-03-000412,recibida
413,15,3,2024-10-05 17:11:00,924.59,FCP-03-000413,recibida
414,9,3,2024-10-10 18:05:00,1236.37,FCP-03-000414,recibida
415,13,6,2024-10-13 15:11:00,543.56,FCP-03-000415,recibida
416,15,3,2024-10-18 12:09:00,846.4,FCP-03-000416,recibida
417,7,3,2024-10-25 17:23:00,922.53,FCP-03-000417,recibida
418,12,3,2024-10-28 18:44:00,216.3,FCP-03-000418,recibida
419,13,3,2024-11-02 16:36:00,1255.89,FCP-03-000419,recibida
420,2,3,2024-11-05 17:07:00,1663.48,FCP-03-000420,recibida
421,7,7,2024-11-12 16:22:00,593.36,FCP-03-000421,recibida
422,12,3,2024-11-21 15:21:00,1478.93,FCP-03-000422,recibida
423,4,3,2024-11-26 18:46:00,1046.2,FCP-03-000423,recibida
424,9,3,2024-12-08 14:28:00,961.8,FCP-03-000424,recibida
425,11,3,2024-12-15 10:26:00,785.15,FCP-03-000425,recibida
426,9,5,2024-12-19 16:58:00,2040.11,FCP-03-000426,recibida
427,4,3,2024-12-24 10:40:00,1131.39,FCP-03-000427,recibida
428,2,3,2024-12-26 12:51:00,431.66,FCP-03-000428,recibida
429,7,3,2024-12-29 12:36:00,1885.82,FCP-03-000429,recibida
430,10,3,2025-01-03 18:54:00,1371.42,FCP-03-000430,recibida
431,15,3,2025-01-05 17:53:00,953.67,FCP-03-000431,recibida
432,6,7,2025-01-09 13:17:00,831.87,FCP-03-000432,recibida
433,8,5,2025-01-14 14:39:00,1252.72,FCP-03-000433,recibida
434,6,3,2025-01-19 17:03:00,658.75,FCP-03-000434,recibida
435,15,3,2025-01-24 12:51:00,1698.54,FCP-03-000435,recibida
436,11,5,2025-01-30 15:48:00,1171.03,FCP-03-000436,recibida
437,12,3,2025-02-04 12:16:00,1860.55,FCP-03-000437,recibida
438,11,3,2025-02-18 16:52:00,1904.12,FCP-03-000438,recibida
439,15,3,2025-02-22 16:43:00,1064.63,FCP-03-000439,recibida
440,7,6,2025-03-13 14:48:00,1464.59,FCP-03-000440,recibida
441,14,3,2025-03-22 15:29:00,1313.94,FCP-03-000441,recibida
442,8,6,2025-03-26 09:12:00,935.38,FCP-03-000442,recibida
443,6,3,2025-03-30 09:13:00,1111.57,FCP-03-000443,recibida
444,2,3,2025-04-03 08:21:00,810.4,FCP-03-000444,recibida
445,13,6,2025-04-06 14:27:00,1028.57,FCP-03-000445,recibida
446,2,3,2025-04-09 16:34:00,1436.41,FCP-03-000446,recibida
447,11,3,2025-04-19 12:58:00,1017.87,FCP-03-000447,recibida
448,13,3,2025-05-02 09:10:00,1090.17,FCP-03-000448,recibida
449,14,3,2025-05-05 08:39:00,1606.29,FCP-03-000449,recibida
450,7,5,2025-05-07 13:00:00,1234.84,FCP-03-000450,recibida
451,1,3,2025-05-10 12:19:00,1059.81,FCP-03-000451,recibida
452,13,5,2025-05-15 09:30:00,509.86,FCP-03-000452,recibida
453,6,3,2025-05-22 12:12:00,654.58,FCP-03-000453,recibida
454,6,3,2025-05-28 17:59:00,725.42,FCP-03-000454,recibida
455,4,6,2025-06-09 16:15:00,994.08,FCP-03-000455,recibida
456,7,3,2025-07-04 14:09:00,1325.85,FCP-03-000456,recibida
457,6,3,2025-07-06 10:55:00,798.9,FCP-03-000457,recibida
458,11,3,2025-07-10 18:39:00,1081.78,FCP-03-000458,recibida
459,8,3,2025-07-12 16:08:00,1043.41,FCP-03-000459,recibida
460,4,3,2025-07-29 08:53:00,1033.67,FCP-03-000460,recibida
461,9,3,2025-08-03 14:02:00,518.91,FCP-03-000461,recibida
462,2,5,2025-08-07 12:38:00,612.21,FCP-03-000462,recibida
463,9,3,2025-08-16 17:50:00,1465.07,FCP-03-000463,recibida
464,12,5,2025-08-21 15:45:00,818.74,FCP-03-000464,recibida
465,10,3,2025-08-25 14:21:00,547.94,FCP-03-000465,recibida
466,11,3,2025-08-28 10:54:00,948.64,FCP-03-000466,recibida
467,3,7,2023-01-01 16:55:00,317.6,FCP-04-000467,recibida
468,4,7,2023-01-06 18:52:00,454.98,FCP-04-000468,recibida
469,8,4,2023-01-09 08:51:00,165.52,FCP-04-000469,recibida
470,13,4,2023-01-12 14:59:00,830.11,FCP-04-000470,recibida
471,8,4,2023-01-16 15:27:00,610.38,FCP-04-000471,recibida
472,6,4,2023-01-25 17:32:00,1206.52,FCP-04-000472,recibida
473,14,4,2023-01-27 11:20:00,1226.34,FCP-04-000473,recibida
474,6,4,2023-01-30 18:07:00,896.61,FCP-04-000474,recibida
475,1,4,2023-02-03 14:51:00,1005.42,FCP-04-000475,recibida
476,9,4,2023-02-08 18:45:00,920.72,FCP-04-000476,recibida
477,8,4,2023-02-11 14:57:00,785.26,FCP-04-000477,recibida
478,2,4,2023-02-15 10:08:00,1375.79,FCP-04-000478,recibida
479,10,6,2023-02-23 15:06:00,1061.82,FCP-04-000479,recibida
480,15,4,2023-03-01 11:06:00,780.3,FCP-04-000480,recibida
481,12,4,2023-03-09 11:27:00,1372.8,FCP-04-000481,recibida
482,12,4,2023-03-16 18:49:00,1313.08,FCP-04-000482,recibida
483,8,4,2023-03-21 12:23:00,1184.48,FCP-04-000483,recibida
484,6,4,2023-03-24 11:58:00,543.91,FCP-04-000484,recibida
485,11,4,2023-04-04 13:26:00,603.25,FCP-04-000485,recibida
486,12,5,2023-04-06 16:45:00,1072.61,FCP-04-000486,recibida
487,3,4,2023-04-11 09:12:00,1036.45,FCP-04-000487,recibida
488,11,4,2023-04-16 11:56:00,909.45,FCP-04-000488,recibida
489,15,4,2023-04-23 11:43:00,1309.2,FCP-04-000489,recibida
490,13,4,2023-05-07 18:51:00,1050.33,FCP-04-000490,recibida
491,6,7,2023-05-16 10:00:00,1252.19,FCP-04-000491,recibida
492,2,6,2023-05-21 18:52:00,804.35,FCP-04-000492,recibida
493,8,4,2023-05-26 12:59:00,733.64,FCP-04-000493,recibida
494,11,4,2023-05-29 12:19:00,522.76,FCP-04-000494,recibida
495,2,7,2023-05-31 13:42:00,1766.72,FCP-04-000495,recibida
496,3,4,2023-06-05 08:42:00,1140.78,FCP-04-000496,recibida
497,9,4,2023-06-10 11:53:00,992.26,FCP-04-000497,recibida
498,15,4,2023-06-19 08:42:00,1104.54,FCP-04-000498,recibida
499,2,4,2023-06-21 14:31:00,1335.43,FCP-04-000499,recibida
500,4,4,2023-06-26 09:31:00,1052.89,FCP-04-000500,recibida
501,4,4,2023-07-05 14:12:00,1073.4,FCP-04-000501,recibida
502,9,4,2023-07-16 15:26:00,610.67,FCP-04-000502,recibida
503,5,4,2023-07-19 17:21:00,703.15,FCP-04-000503,recibida
504,13,4,2023-07-24 15:12:00,1287.79,FCP-04-000504,recibida
505,11,4,2023-07-28 13:34:00,415.09,FCP-04-000505,recibida
506,5,4,2023-08-02 18:22:00,1589.7,FCP-04-000506,recibida
507,3,4,2023-08-04 16:49:00,1523.6,FCP-04-000507,recibida
508,15,5,2023-08-09 10:23:00,1100.17,FCP-04-000508,recibida
509,8,4,2023-08-14 17:35:00,597.49,FCP-04-000509,recibida
510,14,4,2023-08-21 15:55:00,1865.96,FCP-04-000510,recibida
511,10,5,2023-08-26 13:46:00,1878.62,FCP-04-000511,recibida
512,9,4,2023-08-29 16:01:00,546.1,FCP-04-000512,recibida
513,2,4,2023-09-05 14:44:00,872.64,FCP-04-000513,recibida
514,3,4,2023-09-12 17:59:00,2180.36,FCP-04-000514,recibida
515,11,4,2023-09-16 18:27:00,1080.02,FCP-04-000515,recibida
516,11,4,2023-09-21 17:01:00,590.89,FCP-04-000516,recibida
517,11,4,2023-09-27 15:00:00,715.29,FCP-04-000517,recibida
518,5,4,2023-10-05 12:30:00,1594.36,FCP-04-000518,recibida
519,5,4,2023-10-10 18:00:00,1575.49,FCP-04-000519,recibida
520,4,4,2023-10-13 12:48:00,683.42,FCP-04-000520,recibida
521,14,4,2023-11-07 15:54:00,590.26,FCP-04-000521,recibida
522,10,4,2023-11-12 17:10:00,852.95,FCP-04-000522,recibida
523,3,4,2023-11-14 15:11:00,1232.51,FCP-04-000523,recibida
524,4,4,2023-11-17 16:24:00,1558.11,FCP-04-000524,recibida
525,6,4,2023-11-19 16:57:00,1655.12,FCP-04-000525,recibida
526,2,4,2023-11-26 17:52:00,1399.72,FCP-04-000526,recibida
527,12,4,2023-11-29 14:47:00,668.67,FCP-04-000527,recibida
528,7,4,2023-12-11 17:04:00,839.85,FCP-04-000528,recibida
529,10,4,2023-12-24 15:50:00,1285.36,FCP-04-000529,recibida
530,3,4,2023-12-30 16:52:00,1263.09,FCP-04-000530,recibida
531,3,4,2024-01-03 14:18:00,1779.97,FCP-04-000531,recibida
532,15,4,2024-01-06 12:46:00,757.68,FCP-04-000532,recibida
533,9,4,2024-01-11 08:19:00,750.86,FCP-04-000533,recibida
534,11,4,2024-01-13 14:02:00,1064.91,FCP-04-000534,recibida
535,2,4,2024-01-15 10:48:00,555.32,FCP-04-000535,recibida
536,14,4,2024-01-22 18:22:00,1509.44,FCP-04-000536,recibida
537,5,4,2024-02-05 17:50:00,652.06,FCP-04-000537,recibida
538,15,4,2024-02-13 17:18:00,1491.1,FCP-04-000538,recibida
539,5,4,2024-03-05 16:25:00,605.29,FCP-04-000539,recibida
540,10,4,2024-03-08 16:53:00,985.63,FCP-04-000540,recibida
541,6,5,2024-03-13 17:38:00,979.55,FCP-04-000541,recibida
542,11,4,2024-03-20 17:27:00,1043.27,FCP-04-000542,recibida
543,1,4,2024-03-25 08:53:00,372.93,FCP-04-000543,recibida
544,9,6,2024-04-07 09:34:00,1020.23,FCP-04-000544,recibida
545,10,4,2024-04-15 08:51:00,506.33,FCP-04-000545,recibida
546,14,4,2024-04-20 12:25:00,1413.13,FCP-04-000546,recibida
547,15,4,2024-04-30 09:13:00,1170.33,FCP-04-000547,recibida
548,11,4,2024-05-06 08:52:00,1337.42,FCP-04-000548,recibida
549,5,4,2024-05-10 15:55:00,1454.6,FCP-04-000549,recibida
550,6,4,2024-05-21 14:05:00,725.67,FCP-04-000550,recibida
551,7,4,2024-05-26 16:04:00,632.38,FCP-04-000551,recibida
552,9,4,2024-06-05 15:03:00,895.49,FCP-04-000552,recibida
553,10,4,2024-06-10 15:45:00,2074.74,FCP-04-000553,recibida
554,2,4,2024-06-12 15:35:00,502.02,FCP-04-000554,recibida
555,9,4,2024-06-16 17:06:00,943.32,FCP-04-000555,recibida
556,1,7,2024-06-20 17:00:00,966.17,FCP-04-000556,recibida
557,12,4,2024-06-24 15:00:00,819.54,FCP-04-000557,recibida
558,2,6,2024-06-29 16:32:00,803.34,FCP-04-000558,recibida
559,2,4,2024-07-04 08:17:00,494.68,FCP-04-000559,recibida
560,3,7,2024-07-08 08:52:00,851.18,FCP-04-000560,recibida
561,10,4,2024-07-10 18:56:00,1020.59,FCP-04-000561,recibida
562,3,4,2024-07-15 17:30:00,1367.9,FCP-04-000562,recibida
563,15,5,2024-07-20 12:32:00,1222.25,FCP-04-000563,recibida
564,9,4,2024-07-25 13:44:00,1939.82,FCP-04-000564,recibida
565,6,4,2024-08-08 16:12:00,1182.9,FCP-04-000565,recibida
566,6,4,2024-08-10 18:36:00,887.78,FCP-04-000566,recibida
567,1,4,2024-08-12 14:30:00,1571.23,FCP-04-000567,recibida
568,1,4,2024-08-17 16:14:00,1254.1,FCP-04-000568,recibida
569,2,4,2024-08-29 17:40:00,660.91,FCP-04-000569,recibida
570,8,4,2024-09-03 14:56:00,967.34,FCP-04-000570,recibida
571,6,4,2024-09-07 13:50:00,1694.84,FCP-04-000571,recibida
572,4,4,2024-09-12 14:45:00,1640.52,FCP-04-000572,recibida
573,4,4,2024-09-16 17:51:00,566.76,FCP-04-000573,recibida
574,11,4,2024-09-18 14:38:00,1245.12,FCP-04-000574,recibida
575,1,4,2024-09-25 10:39:00,1482.42,FCP-04-000575,recibida
576,5,7,2024-10-08 10:53:00,867.75,FCP-04-000576,recibida
577,10,7,2024-10-22 10:07:00,994.85,FCP-04-000577,recibida
578,13,4,2024-11-08 09:34:00,1253.3,FCP-04-000578,recibida
579,3,4,2024-11-10 13:26:00,1553.03,FCP-04-000579,recibida
580,2,4,2024-11-19 13:14:00,555.81,FCP-04-000580,recibida
581,3,4,2024-11-21 13:25:00,1403.15,FCP-04-000581,recibida
582,10,7,2024-11-25 10:59:00,1333.53,FCP-04-000582,recibida
583,12,4,2024-12-12 17:53:00,770.59,FCP-04-000583,recibida
584,13,4,2024-12-14 13:24:00,1363.87,FCP-04-000584,recibida
585,15,4,2025-01-02 09:00:00,757.16,FCP-04-000585,recibida
586,14,7,2025-01-07 08:36:00,710.43,FCP-04-000586,recibida
587,5,4,2025-01-12 15:30:00,1043.23,FCP-04-000587,recibida
588,2,4,2025-01-22 09:07:00,941.62,FCP-04-000588,recibida
589,4,6,2025-01-27 18:56:00,1026.41,FCP-04-000589,recibida
590,4,7,2025-01-31 08:17:00,561.06,FCP-04-000590,recibida
591,1,4,2025-02-03 16:27:00,1850.72,FCP-04-000591,recibida
592,13,4,2025-02-11 16:05:00,681.55,FCP-04-000592,recibida
593,10,4,2025-02-16 10:04:00,792.01,FCP-04-000593,recibida
594,15,7,2025-02-23 08:16:00,663.62,FCP-04-000594,recibida
595,1,5,2025-03-05 15:54:00,987.57,FCP-04-000595,recibida
596,2,4,2025-03-08 17:41:00,1541.75,FCP-04-000596,recibida
597,12,6,2025-03-24 15:36:00,1250.14,FCP-04-000597,recibida
598,6,4,2025-04-07 16:22:00,1185.07,FCP-04-000598,recibida
599,9,4,2025-04-09 14:29:00,1043.51,FCP-04-000599,recibida
600,6,4,2025-04-16 17:58:00,657.96,FCP-04-000600,recibida
601,6,4,2025-04-21 15:46:00,1075.97,FCP-04-000601,recibida
602,9,4,2025-04-23 09:47:00,726.66,FCP-04-000602,recibida
603,10,4,2025-05-04 11:21:00,929.71,FCP-04-000603,recibida
604,14,7,2025-05-08 15:24:00,1212.92,FCP-04-000604,recibida
605,9,4,2025-05-20 12:46:00,1474.26,FCP-04-000605,recibida
606,11,4,2025-05-22 18:03:00,1193.26,FCP-04-000606,recibida
607,12,4,2025-05-28 10:19:00,1204.72,FCP-04-000607,recibida
608,11,4,2025-05-30 18:59:00,1148.83,FCP-04-000608,recibida
609,15,4,2025-06-03 08:33:00,967.74,FCP-04-000609,recibida
610,2,4,2025-06-05 16:39:00,585.59,FCP-04-000610,recibida
611,2,4,2025-06-11 08:35:00,1430.04,FCP-04-000611,recibida
612,15,4,2025-06-26 11:56:00,800.39,FCP-04-000612,recibida
613,14,4,2025-06-28 12:01:00,1093.36,FCP-04-000613,recibida
614,7,7,2025-07-11 16:31:00,1676.13,FCP-04-000614,recibida
615,4,4,2025-07-16 09:48:00,1011.62,FCP-04-000615,recibida
616,5,4,2025-07-24 17:49:00,1537.4,FCP-04-000616,recibida
617,10,4,2025-08-12 13:35:00,659.92,FCP-04-000617,recibida
618,10,4,2025-08-14 14:45:00,791.76,FCP-04-000618,recibida
619,10,7,2025-08-20 18:52:00,508.15,FCP-04-000619,recibida
620,6,6,2025-08-25 09:44:00,1130.86,FCP-04-000620,recibida
621,2,2,2024-12-18 12:51:00,431.66,FCP-02-000621,recibida
622,8,5,2023-10-10 14:37:00,741.25,FCP-05-000622,recibida
623,11,1,2025-08-31 10:54:00,948.64,FCP-01-000623,recibida
624,6,1,2023-03-27 11:58:00,543.91,FCP-01-000624,recibida
625,10,7,2023-08-23 12:28:00,779.1,FCP-07-000625,recibida
626,15,6,2023-01-01 09:23:00,510.49,FCP-06-000626,recibida
627,11,4,2023-09-04 18:27:00,1080.02,FCP-04-000627,recibida
628,14,4,2023-11-03 11:41:00,1275.35,FCP-04-000628,recibida
629,14,5,2023-01-17 11:20:00,1226.34,FCP-05-000629,recibida
630,13,1,2023-03-23 11:28:00,581.28,FCP-01-000630,recibida
631,10,2,2025-01-29 18:54:00,1371.42,FCP-02-000631,recibida
632,14,2,2023-01-14 16:20:00,1333.73,FCP-02-000632,recibida
633,14,1,2023-01-07 11:20:00,1226.34,FCP-01-000633,recibida
634,2,5,2024-01-03 08:27:00,573.22,FCP-05-000634,recibida
635,4,6,2025-06-27 16:15:00,994.08,FCP-06-000635,recibida
636,3,1,2024-11-06 13:25:00,1403.15,FCP-01-000636,recibida
637,14,1,2025-04-28 18:30:00,1211.61,FCP-01-000637,recibida
638,2,5,2024-08-17 11:43:00,1418.2,FCP-05-000638,recibida
639,2,1,2025-02-16 13:34:00,596.32,FCP-01-000639,recibida
640,2,4,2023-10-04 13:21:00,1520.95,FCP-04-000640,recibida
641,5,1,2023-05-06 14:27:00,1512.08,FCP-01-000641,recibida
642,5,1,2023-10-22 12:30:00,1594.36,FCP-01-000642,recibida
643,8,4,2023-09-05 18:56:00,690.91,FCP-04-000643,recibida
644,11,2,2023-07-07 10:29:00,821.01,FCP-02-000644,recibida
645,7,5,2023-01-30 17:19:00,1192.82,FCP-05-000645,recibida
646,15,3,2024-10-11 12:09:00,846.4,FCP-03-000646,recibida
647,3,2,2023-07-12 14:13:00,1037.41,FCP-02-000647,recibida
648,2,1,2024-01-29 10:48:00,555.32,FCP-01-000648,recibida
649,11,2,2025-07-15 14:47:00,623.05,FCP-02-000649,recibida
650,2,2,2024-01-08 16:45:00,550.68,FCP-02-000650,recibida
651,2,4,2023-01-19 18:03:00,1044.52,FCP-04-000651,recibida
652,9,1,2025-04-16 14:29:00,1043.51,FCP-01-000652,recibida
653,4,4,2023-01-28 18:52:00,454.98,FCP-04-000653,recibida
654,11,7,2025-06-10 12:30:00,1161.64,FCP-07-000654,recibida
655,2,3,2024-09-26 11:31:00,776.03,FCP-03-000655,recibida
656,9,7,2024-06-05 17:48:00,563.72,FCP-07-000656,recibida
657,15,3,2023-08-24 09:09:00,1471.82,FCP-03-000657,recibida
658,3,7,2023-04-01 09:12:00,1036.45,FCP-07-000658,recibida
659,4,5,2024-11-27 18:46:00,1046.2,FCP-05-000659,recibida
660,2,4,2023-12-23 12:46:00,1340.24,FCP-04-000660,recibida
661,13,1,2023-05-16 14:21:00,852.65,FCP-01-000661,recibida
662,11,6,2024-04-18 16:56:00,1990.88,FCP-06-000662,recibida
663,1,4,2025-02-21 09:54:00,651.88,FCP-04-000663,recibida
664,13,6,2023-08-14 17:21:00,526.76,FCP-06-000664,recibida
665,12,6,2023-02-08 14:01:00,989.5,FCP-06-000665,recibida
666,12,4,2024-07-13 16:51:00,1041.62,FCP-04-000666,recibida
667,11,2,2023-09-07 18:02:00,1426.93,FCP-02-000667,recibida
668,6,2,2025-05-29 17:59:00,725.42,FCP-02-000668,recibida
669,8,2,2023-11-01 09:04:00,708.11,FCP-02-000669,recibida
670,10,3,2024-07-22 18:56:00,1020.59,FCP-03-000670,recibida
671,6,6,2024-07-25 18:21:00,1291.78,FCP-06-000671,recibida
672,6,1,2025-04-13 17:58:00,657.96,FCP-01-000672,recibida
673,8,5,2023-08-20 16:26:00,773.17,FCP-05-000673,recibida
674,14,5,2023-11-01 15:54:00,590.26,FCP-05-000674,recibida
675,11,4,2023-11-22 14:56:00,804.94,FCP-04-000675,recibida
676,2,1,2024-06-15 12:15:00,1048.02,FCP-01-000676,recibida
677,7,7,2025-04-24 12:23:00,977.98,FCP-07-000677,recibida
678,4,7,2023-04-26 16:51:00,1393.7,FCP-07-000678,recibida
679,13,4,2023-08-06 17:21:00,526.76,FCP-04-000679,recibida
680,3,5,2023-09-12 17:59:00,2180.36,FCP-05-000680,recibida
681,7,6,2025-05-19 13:00:00,1234.84,FCP-06-000681,recibida
682,8,3,2023-01-04 15:27:00,610.38,FCP-03-000682,recibida
683,15,6,2024-01-25 12:46:00,757.68,FCP-06-000683,recibida
684,7,3,2024-12-29 16:25:00,1367.16,FCP-03-000684,recibida
685,2,4,2023-05-05 13:42:00,1766.72,FCP-04-000685,recibida
686,2,1,2025-04-16 16:34:00,1436.41,FCP-01-000686,recibida
687,11,2,2025-07-25 14:47:00,623.05,FCP-02-000687,recibida
688,2,1,2023-03-22 10:56:00,482.32,FCP-01-000688,recibida
689,3,2,2023-01-11 17:15:00,1162.9,FCP-02-000689,recibida
690,1,7,2023-05-05 13:06:00,1355.64,FCP-07-000690,recibida
691,2,7,2024-06-13 15:35:00,502.02,FCP-07-000691,recibida
692,2,2,2025-04-25 08:21:00,810.4,FCP-02-000692,recibida
693,9,4,2025-08-02 17:50:00,1465.07,FCP-04-000693,recibida
694,7,6,2025-07-30 16:31:00,1676.13,FCP-06-000694,recibida
695,11,3,2025-02-16 16:52:00,1904.12,FCP-03-000695,recibida
696,7,1,2023-11-17 18:51:00,1670.51,FCP-01-000696,recibida
697,15,2,2024-10-10 17:11:00,924.59,FCP-02-000697,recibida
698,11,7,2024-03-10 17:27:00,1043.27,FCP-07-000698,recibida
699,14,1,2024-02-26 12:43:00,1069.38,FCP-01-000699,recibida
700,5,6,2025-05-19 15:54:00,802.66,FCP-06-000700,recibida
701,2,1,2024-11-01 17:07:00,1663.48,FCP-01-000701,recibida
702,2,7,2024-08-15 17:40:00,660.91,FCP-07-000702,recibida
703,15,1,2023-03-04 11:06:00,780.3,FCP-01-000703,recibida
704,12,1,2024-10-01 18:33:00,1171.84,FCP-01-000704,recibida
705,10,4,2025-02-16 10:04:00,792.01,FCP-04-000705,recibida
706,7,1,2023-03-28 11:46:00,1242.68,FCP-01-000706,recibida
707,3,2,2023-07-21 14:13:00,1037.41,FCP-02-000707,recibida
708,6,7,2023-04-27 14:47:00,463.37,FCP-07-000708,recibida
709,10,1,2023-12-15 10:39:00,869.08,FCP-01-000709,recibida
710,12,4,2024-11-07 15:21:00,1478.93,FCP-04-000710,recibida
711,9,7,2024-07-27 12:35:00,1007.49,FCP-07-000711,recibida
712,2,7,2023-10-18 13:53:00,1084.25,FCP-07-000712,recibida
713,14,2,2023-01-16 11:20:00,1226.34,FCP-02-000713,recibida
714,15,1,2023-04-13 09:20:00,593.36,FCP-01-000714,recibida
715,13,1,2024-10-09 15:11:00,543.56,FCP-01-000715,recibida
716,14,6,2023-08-18 08:31:00,1601.04,FCP-06-000716,recibida
717,15,1,2025-02-10 08:16:00,663.62,FCP-01-000717,recibida
718,15,2,2025-01-13 09:00:00,757.16,FCP-02-000718,recibida
719,2,3,2024-09-11 11:31:00,776.03,FCP-03-000719,recibida
720,3,2,2023-01-26 16:55:00,317.6,FCP-02-000720,recibida
721,14,5,2023-11-26 15:54:00,590.26,FCP-05-000721,recibida
722,2,6,2024-12-29 12:51:00,431.66,FCP-06-000722,recibida
723,6,2,2024-07-16 18:21:00,1291.78,FCP-02-000723,recibida
724,3,1,2023-08-10 17:05:00,1377.91,FCP-01-000724,recibida
725,15,1,2024-01-28 15:42:00,625.55,FCP-01-000725,recibida
726,14,5,2024-04-08 16:53:00,1081.15,FCP-05-000726,recibida
727,5,1,2024-04-04 14:27:00,1271.85,FCP-01-000727,recibida
728,14,7,2025-03-14 18:32:00,1554.76,FCP-07-000728,recibida
729,1,6,2025-02-18 09:54:00,651.88,FCP-06-000729,recibida
730,8,1,2024-02-29 18:14:00,1495.37,FCP-01-000730,recibida
731,14,5,2024-11-08 18:34:00,557.26,FCP-05-000731,recibida
732,14,1,2025-08-14 18:40:00,554.07,FCP-01-000732,recibida
733,3,5,2024-06-04 14:53:00,695.44,FCP-05-000733,recibida
734,1,5,2023-05-14 17:23:00,765.03,FCP-05-000734,recibida
735,13,4,2024-11-16 09:34:00,1253.3,FCP-04-000735,recibida
736,11,1,2024-11-19 09:49:00,646.6,FCP-01-000736,recibida
737,2,1,2024-01-20 08:27:00,573.22,FCP-01-000737,recibida
738,12,6,2024-06-20 11:03:00,1594.9,FCP-06-000738,recibida
739,12,1,2025-05-11 10:19:00,1204.72,FCP-01-000739,recibida
740,15,1,2023-09-24 08:40:00,941.98,FCP-01-000740,recibida
741,9,3,2023-03-16 09:02:00,1145.22,FCP-03-000741,recibida
742,7,3,2024-12-21 16:25:00,1367.16,FCP-03-000742,recibida
743,2,4,2023-02-20 10:08:00,1375.79,FCP-04-000743,recibida
744,3,5,2023-06-15 08:42:00,1140.78,FCP-05-000744,recibida
745,6,6,2023-11-09 16:57:00,1655.12,FCP-06-000745,recibida
746,15,1,2025-04-29 16:57:00,458.75,FCP-01-000746,recibida
747,6,3,2023-03-07 08:20:00,841.7,FCP-03-000747,recibida
748,14,6,2025-05-21 15:24:00,1212.92,FCP-06-000748,recibida
749,14,1,2025-08-19 18:40:00,554.07,FCP-01-000749,recibida
750,5,7,2024-05-21 15:55:00,1454.6,FCP-07-000750,recibida
751,13,3,2024-12-26 11:41:00,1396.61,FCP-03-000751,recibida
752,11,5,2024-02-06 15:50:00,967.51,FCP-05-000752,recibida
753,2,4,2023-11-15 13:55:00,744.64,FCP-04-000753,recibida
754,8,1,2024-11-24 15:22:00,844.41,FCP-01-000754,recibida
755,8,3,2023-11-14 09:04:00,708.11,FCP-03-000755,recibida
756,7,3,2024-09-19 17:07:00,732.48,FCP-03-000756,recibida
757,4,3,2023-06-05 08:50:00,2110.32,FCP-03-000757,recibida
758,5,4,2025-05-07 15:54:00,802.66,FCP-04-000758,recibida
759,14,2,2023-11-04 11:41:00,1275.35,FCP-02-000759,recibida
760,14,2,2024-04-08 15:06:00,1259.57,FCP-02-000760,recibida
761,6,7,2023-06-14 16:02:00,495.03,FCP-07-000761,recibida
762,9,6,2023-10-21 09:29:00,1093.51,FCP-06-000762,recibida
763,5,1,2023-11-11 13:32:00,997.27,FCP-01-000763,recibida
764,2,3,2024-06-03 16:32:00,803.34,FCP-03-000764,recibida
765,6,1,2023-05-06 10:00:00,1252.19,FCP-01-000765,recibida
766,11,7,2024-01-12 14:02:00,1064.91,FCP-07-000766,recibida
767,14,1,2024-08-18 18:54:00,1281.88,FCP-01-000767,recibida
768,9,1,2025-05-25 12:46:00,1474.26,FCP-01-000768,recibida
769,15,7,2025-01-01 17:53:00,953.67,FCP-07-000769,recibida
770,11,1,2024-09-25 14:38:00,1245.12,FCP-01-000770,recibida
771,8,4,2023-04-15 14:01:00,337.65,FCP-04-000771,recibida
772,13,2,2023-07-26 15:12:00,1287.79,FCP-02-000772,recibida
773,14,4,2024-09-20 10:47:00,1550.54,FCP-04-000773,recibida
774,5,1,2023-10-21 17:29:00,1358.59,FCP-01-000774,recibida
775,2,1,2024-01-31 16:45:00,550.68,FCP-01-000775,recibida
776,11,1,2025-06-24 12:30:00,1161.64,FCP-01-000776,recibida
777,7,1,2025-05-03 13:00:00,1234.84,FCP-01-000777,recibida
778,3,1,2024-01-14 12:30:00,897.03,FCP-01-000778,recibida
779,9,1,2023-07-08 11:24:00,1457.96,FCP-01-000779,recibida
780,15,5,2023-04-24 11:43:00,1309.2,FCP-05-000780,recibida
781,15,6,2024-01-19 12:46:00,757.68,FCP-06-000781,recibida
782,5,1,2025-05-23 15:08:00,1148.39,FCP-01-000782,recibida
783,14,1,2024-10-29 12:23:00,501.19,FCP-01-000783,recibida
784,11,2,2025-02-28 11:24:00,1883.94,FCP-02-000784,recibida
785,4,2,2024-07-01 11:15:00,1173.3,FCP-02-000785,recibida
786,14,6,2024-07-17 13:09:00,1031.92,FCP-06-000786,recibida
787,5,3,2023-03-27 17:50:00,1118.82,FCP-03-000787,recibida
788,15,1,2025-02-26 11:14:00,1300.42,FCP-01-000788,recibida
789,3,2,2024-12-14 17:51:00,1685.72,FCP-02-000789,recibida
790,15,7,2024-03-01 15:59:00,960.49,FCP-07-000790,recibida
791,11,1,2023-04-09 13:26:00,603.25,FCP-01-000791,recibida
792,15,7,2023-01-25 09:23:00,510.49,FCP-07-000792,recibida
793,11,4,2024-02-14 16:31:00,1426.97,FCP-04-000793,recibida
794,2,3,2025-06-01 18:58:00,797.82,FCP-03-000794,recibida
795,4,1,2025-06-11 16:15:00,994.08,FCP-01-000795,recibida
796,6,1,2023-08-03 16:06:00,945.54,FCP-01-000796,recibida
797,1,2,2024-06-11 17:00:00,966.17,FCP-02-000797,recibida
798,7,5,2025-07-11 16:31:00,1676.13,FCP-05-000798,recibida
799,8,1,2025-01-06 14:39:00,1252.72,FCP-01-000799,recibida
800,11,4,2024-03-23 17:27:00,1043.27,FCP-04-000800,recibida
801,4,2,2025-07-04 09:48:00,1011.62,FCP-02-000801,recibida
802,12,3,2023-02-21 13:27:00,1173.07,FCP-03-000802,recibida
803,3,4,2024-03-14 09:03:00,1356.39,FCP-04-000803,recibida
804,6,1,2025-04-15 15:46:00,1075.97,FCP-01-000804,recibida
805,5,7,2023-10-15 18:00:00,1575.49,FCP-07-000805,recibida
806,12,5,2025-05-10 10:19:00,1204.72,FCP-05-000806,recibida
807,10,7,2025-05-18 11:21:00,929.71,FCP-07-000807,recibida
808,8,4,2024-09-30 11:50:00,1263.2,FCP-04-000808,recibida
809,3,3,2024-11-11 13:26:00,1553.03,FCP-03-000809,recibida
810,10,3,2023-12-19 16:10:00,983.81,FCP-03-000810,recibida
811,14,7,2024-02-29 09:50:00,1100.11,FCP-07-000811,recibida
812,6,2,2024-09-18 13:50:00,1694.84,FCP-02-000812,recibida
813,1,6,2024-08-05 14:30:00,1571.23,FCP-06-000813,recibida
814,8,1,2024-09-11 14:56:00,967.34,FCP-01-000814,recibida
815,11,4,2023-06-05 18:47:00,1155.47,FCP-04-000815,recibida
816,6,1,2023-03-02 11:58:00,543.91,FCP-01-000816,recibida
817,5,2,2023-04-18 11:02:00,1336.38,FCP-02-000817,recibida
818,10,7,2024-06-17 14:32:00,1240.01,FCP-07-000818,recibida
819,3,1,2023-11-18 15:11:00,1232.51,FCP-01-000819,recibida
820,6,3,2024-03-01 17:38:00,979.55,FCP-03-000820,recibida
821,10,4,2025-04-02 10:48:00,354.1,FCP-04-000821,recibida
822,8,7,2023-05-12 18:14:00,1013.57,FCP-07-000822,recibida
823,2,5,2024-07-18 16:25:00,1359.89,FCP-05-000823,recibida
824,10,6,2023-05-18 16:51:00,1273.77,FCP-06-000824,recibida
825,2,5,2024-08-12 11:43:00,1418.2,FCP-05-000825,recibida
826,11,1,2024-11-09 11:02:00,1221.0,FCP-01-000826,recibida
827,3,7,2024-07-29 17:30:00,1367.9,FCP-07-000827,recibida
828,4,6,2025-08-24 11:29:00,641.77,FCP-06-000828,recibida
829,8,3,2024-10-03 11:14:00,1224.35,FCP-03-000829,recibida
830,14,4,2024-10-12 12:23:00,501.19,FCP-04-000830,recibida
831,10,6,2023-12-25 16:10:00,983.81,FCP-06-000831,recibida
832,2,1,2023-03-31 10:56:00,482.32,FCP-01-000832,recibida
833,4,1,2023-11-10 15:38:00,1167.95,FCP-01-000833,recibida
834,5,6,2023-09-30 14:17:00,1802.99,FCP-06-000834,recibida
835,2,7,2024-01-04 10:48:00,555.32,FCP-07-000835,recibida
836,1,3,2024-03-26 08:53:00,372.93,FCP-03-000836,recibida
837,1,5,2023-02-18 14:51:00,1005.42,FCP-05-000837,recibida
838,11,2,2024-07-03 14:04:00,1374.96,FCP-02-000838,recibida
839,11,4,2023-09-21 17:01:00,590.89,FCP-04-000839,recibida
840,9,4,2024-06-07 17:06:00,943.32,FCP-04-000840,recibida
841,5,1,2024-01-10 18:40:00,1492.96,FCP-01-000841,recibida
842,7,1,2023-04-16 12:25:00,1901.16,FCP-01-000842,recibida
843,15,1,2024-01-01 12:46:00,757.68,FCP-01-000843,recibida
844,4,4,2023-06-09 08:50:00,2110.32,FCP-04-000844,recibida
845,1,1,2024-09-21 10:39:00,1482.42,FCP-01-000845,recibida
846,15,1,2024-07-18 15:48:00,1144.94,FCP-01-000846,recibida
847,13,1,2025-04-14 14:27:00,1028.57,FCP-01-000847,recibida
848,11,6,2024-04-01 16:56:00,1990.88,FCP-06-000848,recibida
849,2,6,2025-06-30 16:39:00,585.59,FCP-06-000849,recibida
850,5,2,2025-08-22 11:30:00,460.4,FCP-02-000850,recibida
851,12,2,2023-07-31 15:37:00,1237.42,FCP-02-000851,recibida
852,6,1,2025-06-30 18:57:00,1154.8,FCP-01-000852,recibida
853,13,4,2023-12-09 15:16:00,1069.82,FCP-04-000853,recibida
854,10,4,2023-08-21 13:46:00,1878.62,FCP-04-000854,recibida
855,10,2,2024-11-23 15:47:00,1340.31,FCP-02-000855,recibida
856,14,1,2023-07-27 11:06:00,1127.1,FCP-01-000856,recibida
857,4,7,2023-11-07 12:31:00,743.59,FCP-07-000857,recibida
858,5,4,2023-10-05 09:41:00,658.87,FCP-04-000858,recibida
859,6,1,2025-07-29 15:34:00,1503.25,FCP-01-000859,recibida
860,7,1,2024-06-19 15:13:00,321.31,FCP-01-000860,recibida
861,9,1,2023-08-25 16:01:00,546.1,FCP-01-000861,recibida
862,2,3,2023-11-01 09:24:00,1951.55,FCP-03-000862,recibida
863,5,2,2023-01-28 12:17:00,1291.49,FCP-02-000863,recibida
864,1,6,2023-07-22 10:28:00,1147.7,FCP-06-000864,recibida
865,7,1,2024-01-19 18:49:00,818.73,FCP-01-000865,recibida
866,2,6,2023-06-10 14:31:00,1335.43,FCP-06-000866,recibida
867,5,7,2024-02-13 17:50:00,652.06,FCP-07-000867,recibida
868,11,1,2025-07-13 18:39:00,1081.78,FCP-01-000868,recibida
869,1,6,2023-01-23 11:36:00,948.77,FCP-06-000869,recibida
870,12,1,2024-09-22 13:14:00,966.62,FCP-01-000870,recibida
871,2,2,2025-01-07 09:07:00,941.62,FCP-02-000871,recibida
872,10,7,2023-02-05 15:56:00,1700.95,FCP-07-000872,recibida
873,6,2,2024-03-17 17:38:00,979.55,FCP-02-000873,recibida
874,12,2,2023-11-30 14:47:00,668.67,FCP-02-000874,recibida
875,2,1,2025-02-27 17:01:00,381.29,FCP-01-000875,recibida
876,12,2,2025-04-25 16:32:00,1251.15,FCP-02-000876,recibida
877,5,6,2024-03-24 16:18:00,855.86,FCP-06-000877,recibida
878,9,1,2024-05-12 09:31:00,1546.82,FCP-01-000878,recibida
879,5,4,2023-08-09 18:22:00,1589.7,FCP-04-000879,recibida
880,2,1,2024-07-28 08:17:00,494.68,FCP-01-000880,recibida
881,13,7,2024-11-20 16:36:00,1255.89,FCP-07-000881,recibida
882,14,1,2024-02-24 12:43:00,1069.38,FCP-01-000882,recibida
883,9,5,2025-04-24 14:29:00,1043.51,FCP-05-000883,recibida
884,5,7,2024-04-11 11:41:00,1116.54,FCP-07-000884,recibida
885,7,3,2025-04-13 13:07:00,1562.18,FCP-03-000885,recibida
886,8,3,2023-04-25 14:01:00,337.65,FCP-03-000886,recibida
887,1,5,2025-03-27 15:54:00,987.57,FCP-05-000887,recibida
888,15,7,2025-01-15 12:51:00,1698.54,FCP-07-000888,recibida
889,5,5,2024-04-15 14:16:00,878.93,FCP-05-000889,recibida
890,8,1,2023-11-07 09:04:00,708.11,FCP-01-000890,recibida
891,6,7,2023-08-07 16:06:00,945.54,FCP-07-000891,recibida
892,9,5,2025-05-22 12:46:00,1474.26,FCP-05-000892,recibida
893,14,5,2023-06-17 08:39:00,741.29,FCP-05-000893,recibida
894,4,5,2023-06-23 09:31:00,1052.89,FCP-05-000894,recibida
895,12,4,2024-05-13 18:50:00,1803.53,FCP-04-000895,recibida
896,11,3,2023-09-30 17:01:00,590.89,FCP-03-000896,recibida
897,2,1,2023-05-16 18:52:00,804.35,FCP-01-000897,recibida
898,7,3,2024-10-02 11:18:00,1237.88,FCP-03-000898,recibida
899,4,4,2025-01-17 18:56:00,1026.41,FCP-04-000899,recibida
900,3,4,2023-01-06 15:07:00,914.68,FCP-04-000900,recibida
901,14,2,2025-05-05 08:25:00,1308.04,FCP-02-000901,recibida
902,6,2,2023-10-25 08:22:00,1510.08,FCP-02-000902,recibida
903,7,4,2025-07-09 08:27:00,1432.14,FCP-04-000903,recibida
904,12,6,2025-07-11 17:25:00,1500.86,FCP-06-000904,recibida
905,11,4,2023-05-31 12:19:00,522.76,FCP-04-000905,recibida
906,10,1,2024-03-24 16:53:00,985.63,FCP-01-000906,recibida
907,2,5,2025-06-05 08:35:00,1430.04,FCP-05-000907,recibida
908,2,2,2023-11-01 13:55:00,1462.24,FCP-02-000908,recibida
909,1,1,2023-05-08 10:29:00,637.96,FCP-01-000909,recibida
910,14,4,2023-06-12 08:39:00,741.29,FCP-04-000910,recibida
911,5,5,2023-05-08 14:56:00,594.03,FCP-05-000911,recibida
912,2,7,2025-08-25 13:35:00,404.14,FCP-07-000912,recibida
913,4,4,2024-12-14 10:40:00,1131.39,FCP-04-000913,recibida
914,3,2,2023-01-03 17:15:00,1162.9,FCP-02-000914,recibida
915,6,2,2023-09-14 14:34:00,1936.85,FCP-02-000915,recibida
916,12,3,2023-02-26 13:27:00,1173.07,FCP-03-000916,recibida
917,8,3,2023-04-02 17:20:00,1315.34,FCP-03-000917,recibida
918,11,3,2024-01-12 08:23:00,1054.88,FCP-03-000918,recibida
919,13,7,2024-07-22 13:20:00,1465.23,FCP-07-000919,recibida
920,4,5,2024-09-05 10:25:00,1267.46,FCP-05-000920,recibida
921,4,7,2024-02-19 08:36:00,480.14,FCP-07-000921,recibida
922,8,3,2025-06-07 16:48:00,941.97,FCP-03-000922,recibida
923,11,2,2024-02-11 16:31:00,1426.97,FCP-02-000923,recibida
924,10,2,2023-09-12 10:35:00,1057.08,FCP-02-000924,recibida
925,11,4,2024-11-13 11:02:00,1221.0,FCP-04-000925,recibida
926,2,1,2023-03-27 14:48:00,666.99,FCP-01-000926,recibida
927,12,1,2025-08-10 15:45:00,818.74,FCP-01-000927,recibida
928,10,3,2024-01-02 09:16:00,1736.72,FCP-03-000928,recibida
929,6,4,2025-03-20 09:13:00,1111.57,FCP-04-000929,recibida
930,4,4,2024-09-04 10:25:00,1267.46,FCP-04-000930,recibida
931,10,7,2025-01-10 18:54:00,1371.42,FCP-07-000931,recibida
932,2,2,2023-10-01 13:21:00,1520.95,FCP-02-000932,recibida
933,1,4,2023-03-27 17:18:00,2048.3,FCP-04-000933,recibida
934,2,4,2023-12-14 12:46:00,1340.24,FCP-04-000934,recibida
935,1,1,2025-03-10 15:54:00,987.57,FCP-01-000935,recibida
936,5,1,2025-06-19 17:49:00,747.95,FCP-01-000936,recibida
937,2,1,2025-04-12 12:15:00,1196.21,FCP-01-000937,recibida
938,7,6,2023-12-13 17:04:00,839.85,FCP-06-000938,recibida
939,10,6,2023-09-01 10:35:00,1057.08,FCP-06-000939,recibida
940,4,5,2024-07-31 14:17:00,1418.71,FCP-05-000940,recibida
941,15,1,2024-10-12 17:11:00,924.59,FCP-01-000941,recibida
942,7,1,2025-07-24 16:31:00,1676.13,FCP-01-000942,recibida
943,12,3,2023-04-30 16:45:00,1072.61,FCP-03-000943,recibida
944,6,4,2025-05-21 12:12:00,654.58,FCP-04-000944,recibida
945,4,7,2025-08-19 18:22:00,1451.76,FCP-07-000945,recibida
946,3,4,2023-01-04 15:07:00,914.68,FCP-04-000946,recibida
947,12,6,2023-09-27 11:49:00,591.63,FCP-06-000947,recibida
948,11,1,2025-01-02 12:13:00,888.78,FCP-01-000948,recibida
949,11,4,2025-01-18 12:13:00,888.78,FCP-04-000949,recibida
950,10,1,2025-05-04 11:21:00,929.71,FCP-01-000950,recibida
951,6,5,2023-09-18 14:34:00,1936.85,FCP-05-000951,recibida
952,1,2,2023-07-04 12:23:00,1271.95,FCP-02-000952,recibida
953,2,1,2025-06-16 08:35:00,1430.04,FCP-01-000953,recibida
954,15,3,2023-09-20 10:18:00,932.41,FCP-03-000954,recibida
955,8,2,2024-03-02 15:28:00,685.08,FCP-02-000955,recibida
956,15,1,2024-01-24 12:46:00,757.68,FCP-01-000956,recibida
957,2,1,2024-06-06 16:32:00,803.34,FCP-01-000957,recibida
958,10,4,2023-12-31 15:01:00,1081.12,FCP-04-000958,recibida
959,7,2,2023-09-24 13:12:00,513.73,FCP-02-000959,recibida
960,5,4,2024-05-12 18:39:00,1470.31,FCP-04-000960,recibida
961,2,2,2024-06-29 15:35:00,502.02,FCP-02-000961,recibida
962,14,3,2024-06-23 15:43:00,1879.05,FCP-03-000962,recibida
963,15,7,2025-02-15 10:26:00,955.15,FCP-07-000963,recibida
964,5,4,2024-07-06 17:39:00,865.76,FCP-04-000964,recibida
965,1,1,2023-05-04 10:29:00,637.96,FCP-01-000965,recibida
966,8,6,2024-08-04 10:11:00,1030.51,FCP-06-000966,recibida
967,8,6,2023-05-04 12:59:00,733.64,FCP-06-000967,recibida
968,11,3,2024-01-28 08:23:00,1054.88,FCP-03-000968,recibida
969,11,1,2023-08-26 17:40:00,783.15,FCP-01-000969,recibida
970,9,2,2024-07-31 12:35:00,1007.49,FCP-02-000970,recibida
971,10,1,2024-04-19 14:52:00,736.7,FCP-01-000971,recibida
972,5,3,2024-05-08 15:55:00,1454.6,FCP-03-000972,recibida
973,2,6,2023-10-26 15:36:00,1219.7,FCP-06-000973,recibida
974,8,4,2023-08-22 14:56:00,473.75,FCP-04-000974,recibida
975,5,2,2023-02-01 12:36:00,452.01,FCP-02-000975,recibida
976,4,1,2024-11-19 18:46:00,1046.2,FCP-01-000976,recibida
977,14,1,2023-07-31 11:06:00,1127.1,FCP-01-000977,recibida
978,13,3,2024-12-11 11:41:00,1396.61,FCP-03-000978,recibida
979,13,6,2024-03-05 12:39:00,1108.18,FCP-06-000979,recibida
980,7,7,2023-12-17 17:04:00,839.85,FCP-07-000980,recibida
981,2,6,2025-08-05 12:38:00,612.21,FCP-06-000981,recibida
982,7,1,2024-01-30 18:49:00,818.73,FCP-01-000982,recibida
983,14,4,2023-11-18 11:41:00,1275.35,FCP-04-000983,recibida
984,6,4,2023-02-04 17:07:00,994.42,FCP-04-000984,recibida
985,6,5,2024-05-17 14:05:00,725.67,FCP-05-000985,recibida
986,10,1,2024-10-04 10:07:00,994.85,FCP-01-000986,recibida
987,13,7,2023-07-23 09:39:00,1144.59,FCP-07-000987,recibida
988,10,1,2024-01-10 10:07:00,1110.76,FCP-01-000988,recibida
989,12,1,2023-03-27 11:27:00,1372.8,FCP-01-000989,recibida
990,2,5,2023-07-21 15:31:00,478.09,FCP-05-000990,recibida
991,6,2,2024-08-27 18:36:00,887.78,FCP-02-000991,recibida
992,2,3,2024-09-02 09:00:00,1321.5,FCP-03-000992,recibida
993,9,1,2025-05-29 15:13:00,432.66,FCP-01-000993,recibida
994,15,4,2025-01-03 17:53:00,953.67,FCP-04-000994,recibida
995,7,6,2024-03-01 12:27:00,1718.18,FCP-06-000995,recibida
996,11,6,2024-02-09 16:31:00,1426.97,FCP-06-000996,recibida
997,15,7,2023-01-15 09:23:00,510.49,FCP-07-000997,recibida
998,9,1,2025-05-31 15:13:00,432.66,FCP-01-000998,recibida
999,6,1,2025-04-19 16:22:00,1185.07,FCP-01-000999,recibida
1000,14,2,2024-02-04 09:50:00,1100.11,FCP-02-001000,recibida
