fecha,nombre_feriado
2023-01-01,Año Nuevo
2023-04-06,Jueves Santo
2023-04-07,Viernes Santo
2023-05-01,Día del Trabajo
2023-06-29,San Pedro y San Pablo
2023-07-28,Fiestas Patrias
2023-07-29,Fiestas Patrias
2023-08-30,Santa Rosa de Lima
2023-10-08,Combate de Angamos
2023-11-01,Todos los Santos
2023-12-08,Inmaculada Concepción
2023-12-25,Navidad
2024-01-01,Año Nuevo
2024-03-28,Jueves Santo
2024-03-29,Viernes Santo
2024-05-01,Día del Trabajo
2024-06-29,San Pedro y San Pablo
2024-07-28,Fiestas Patrias
2024-07-29,Fiestas Patrias
2024-08-30,Santa Rosa de Lima
2024-10-08,Combate de Angamos
2024-11-01,Todos los Santos
2024-12-08,Inmaculada Concepción
2024-12-25,Navidad
2025-01-01,Año Nuevo
2025-04-17,Jueves Santo
2025-04-18,Viernes Santo
2025-05-01,Día del Trabajo
2025-06-29,San Pedro y San Pablo
2025-07-28,Fiestas Patrias
2025-07-29,Fiestas Patrias
2025-08-30,Santa Rosa de Lima
2025-10-08,Combate de Angamos
2025-11-01,Todos los Santos
2025-12-08,Inmaculada Concepción
2025-12-25,Navidad
