id_producto,codigo_barras,nombre_producto,id_categoria,id_proveedor,precio_compra,precio_venta,stock,stock_minimo,unidad_medida,fecha_registro,activo
1,7750000001,Arroz Extra Florida 1kg,1,4,3.87,4.95,33,12,1kg,2022-12-01,1
2,7750000002,Azúcar Rubia Laive 2kg,1,11,3.09,4.08,19,11,2kg,2022-12-01,1
3,7750000003,Aceite Vegetal Nicolini 900ml,1,3,5.82,7.12,31,12,900ml,2022-12-01,1
4,7750000004,Fideos Spaghetti Molitalia 1kg,1,10,2.0,2.73,79,12,1kg,2022-12-01,1
5,7750000005,Lenteja Primor 500g,1,2,3.08,4.17,83,13,500g,2022-12-01,1
6,7750000006,Atún Nicolini Pack 3x170g,1,9,3.7,6.1,77,14,Pack 3x170g,2022-12-01,1
7,7750000007,Avena Primor 500g,1,1,2.58,4.0,42,10,500g,2022-12-01,1
8,7750000008,Mayonesa Molitalia 500g,1,8,4.63,6.15,78,8,500g,2022-12-01,1
9,7750000009,Ketchup Paisana 250g,1,15,3.38,4.75,29,9,250g,2022-12-01,1
10,7750000010,Leche evaporada Nicolini Pack 6,1,7,2.82,3.86,42,10,unidad,2022-12-01,1
11,7750000011,Harina Molitalia 1 kg,1,14,2.55,3.63,71,10,1kg,2022-12-01,1
12,7750000012,Café instantáneo Paisana 100g,1,6,6.15,8.36,77,13,100g,2022-12-01,1
13,7750000013,Chocolate para taza Primor 100g,1,13,4.82,6.53,25,5,100g,2022-12-01,1
14,7750000014,Galleta de soda Paisana 12pack,1,5,1.11,2.05,38,8,unidad,2022-12-01,1
15,7750000015,Sal de mesa Paisana 500g,1,12,1.06,1.7,25,12,500g,2022-12-01,1
16,7750000016,Frejol Gloria 1kg,1,4,3.74,4.89,40,8,1kg,2022-12-01,1
17,7750000017,Arroz Extra Alicorp 1kg,1,11,3.71,5.12,56,14,1kg,2022-12-01,1
18,7750000018,Azúcar Rubia Don Vittorio 2kg,1,3,3.02,4.28,51,7,2kg,2022-12-01,1
19,7750000019,Aceite Vegetal Nicolini 900ml,1,10,5.1,6.64,66,5,900ml,2022-12-01,1
20,7750000020,Fideos Spaghetti Molitalia 1kg,1,2,1.99,2.6,32,14,1kg,2022-12-01,1
21,7750000021,Lenteja Paisana 500g,1,9,2.87,4.07,47,6,500g,2022-12-01,1
22,7750000022,Atún Nicolini Pack 3x170g,1,1,3.87,5.59,90,9,Pack 3x170g,2022-12-01,1
23,7750000023,Avena Primor 500g,1,8,2.52,4.03,50,9,500g,2022-12-01,1
24,7750000024,Mayonesa Molitalia 500g,1,15,4.62,6.41,41,10,500g,2022-12-01,1
25,7750000025,Ketchup Costeño 250g,1,7,3.46,5.25,82,5,250g,2022-12-01,1
26,7750000026,Leche evaporada Alicorp Pack 6,1,14,3.1,3.94,65,9,unidad,2022-12-01,1
27,7750000027,Harina Molitalia 1kg,1,6,2.66,3.69,43,7,1kg,2022-12-01,1
28,7750000028,Café instantáneo Paisana 100g,1,13,6.98,9.7,54,5,100g,2022-12-01,1
29,7750000029,Chocolate para taza Florida 100g,1,5,4.2,6.81,84,11,100g,2022-12-01,1
30,7750000030,Galleta de soda Primor 12pack,1,12,1.13,1.89,70,10,unidad,2022-12-01,1
31,7750000031,Sal de mesa Nicolini 500g,1,4,0.99,1.71,17,7,500g,2022-12-01,1
32,7750000032,Frejol Nicolini 1kg,1,11,3.54,5.07,89,8,1kg,2022-12-01,1
33,7750000033,Arroz Extra Paisana 1kg,1,3,3.6,4.97,87,11,1kg,2022-12-01,1
34,7750000034,Azúcar Rubia Don Vittorio 2kg,1,10,3.03,4.5,66,12,2kg,2022-12-01,1
35,7750000035,Aceite Vegetal Costeño 900ml,1,2,5.2,7.65,45,10,900ml,2022-12-01,1
36,7750000036,Fideos Spaghetti Gloria 1kg,1,9,1.85,3.02,59,5,1kg,2022-12-01,1
37,7750000037,Lenteja Gloria 500g,1,1,2.94,4.4,86,11,500g,2022-12-01,1
38,7750000038,Atún Florida Pack 3x170g,1,8,4.18,6.13,28,10,Pack 3x170g,2022-12-01,1
39,7750000039,Avena Nicolini 500g,1,15,2.6,3.67,80,9,500g,2022-12-01,1
40,7750000040,Mayonesa Don Vittorio 500g,1,7,4.5,5.82,23,9,500g,2022-12-01,1
41,7750000041,Ketchup Alicorp 250g,1,14,3.29,5.3,54,11,250g,2022-12-01,1
42,7750000042,Leche evaporada Costeño Pack 6,1,6,3.22,4.07,79,12,unidad,2022-12-01,1
43,7750000043,Harina Molitalia 1kg,1,13,2.65,3.71,63,8,1kg,2022-12-01,1
44,7750000044,Café instantáneo Don Vittorio 100g,1,5,6.97,8.41,54,8,100g,2022-12-01,1
45,7750000045,Chocolate para taza Paisana 100g,1,12,4.17,6.05,42,6,100g,2022-12-01,1
46,7750000046,Galleta de soda Nicolini 12pack,1,4,1.16,1.91,29,11,unidad,2022-12-01,1
47,7750000047,Sal de mesa Nicolini 500g,1,11,0.98,1.75,23,5,500g,2022-12-01,1
48,7750000048,Frejol Don Vittorio 1kg,1,3,3.42,4.44,72,13,1kg,2022-12-01,1
49,7750000049,Arroz Extra Don Vittorio 1kg,1,10,3.7,4.8,50,8,1kg,2022-12-01,1
50,7750000050,Azúcar Rubia Molitalia 2kg,1,2,2.96,4.51,26,14,2kg,2022-12-01,1
51,7750000051,Aceite Vegetal Florida 900ml,1,9,5.09,7.22,87,15,900ml,2022-12-01,1
52,7750000052,Fideos Spaghetti Gloria 1kg,1,1,2.01,2.89,60,11,1kg,2022-12-01,1
53,7750000053,Lenteja Laive 500g,1,8,2.85,4.25,44,6,500g,2022-12-01,1
54,7750000054,Atún Molitalia Pack 3x170g,1,15,3.77,5.7,76,9,Pack 3x170g,2022-12-01,1
55,7750000055,Avena Molitalia 500g,1,7,2.91,3.59,72,5,500g,2022-12-01,1
56,7750000056,Mayonesa Molitalia 500g,1,14,4.48,6.4,88,10,500g,2022-12-01,1
57,7750000057,Ketchup Nicolini 250g,1,6,3.37,5.08,23,15,250g,2022-12-01,1
58,7750000058,Leche evaporada Alicorp Pack 6,1,13,3.07,3.77,70,10,unidad,2022-12-01,1
59,7750000059,Harina Laive 1kg,1,5,2.45,3.41,17,12,1kg,2022-12-01,1
60,7750000060,Café instantáneo Don Vittorio 100g,1,12,6.04,9.41,68,7,100g,2022-12-01,1
61,7750000061,Chocolate para taza Laive 100g,1,4,4.58,5.99,14,14,100g,2022-12-01,1
62,7750000062,Galleta de soda Gloria 12pack,1,11,1.27,2.15,25,5,unidad,2022-12-01,1
63,7750000063,Sal de mesa Molitalia 500g,1,3,1.04,1.75,90,7,500g,2022-12-01,1
64,7750000064,Frejol Florida 1kg,1,10,3.42,4.96,30,5,1kg,2022-12-01,1
65,7750000065,Arroz Extra Alicorp 1kg,1,2,3.73,4.61,73,6,1kg,2022-12-01,1
66,7750000066,Azúcar Rubia Gloria 2kg,1,9,3.37,4.15,89,15,2kg,2022-12-01,1
67,7750000067,Aceite Vegetal Paisana 900ml,1,1,5.32,7.29,44,9,900ml,2022-12-01,1
68,7750000068,Fideos Spaghetti Primor 1kg,1,8,2.12,2.82,73,8,1kg,2022-12-01,1
69,7750000069,Lenteja Costeño 500g,1,15,3.06,3.79,34,12,500g,2022-12-01,1
70,7750000070,Atún Costeño Pack 3x170g,1,7,4.31,5.34,77,9,Pack 3x170g,2022-12-01,1
71,7750000071,Avena Laive 500g,1,14,2.66,3.77,84,5,500g,2022-12-01,1
72,7750000072,Mayonesa Paisana 500g,1,6,4.54,5.77,87,5,500g,2022-12-01,1
73,7750000073,Ketchup Primor 250g,1,13,3.46,5.12,60,9,250g,2022-12-01,1
74,7750000074,Leche evaporada Florida Pack 6,1,5,3.12,3.82,31,7,unidad,2022-12-01,1
75,7750000075,Harina Florida 1kg,1,12,2.31,3.41,16,9,1kg,2022-12-01,1
76,7750000076,Café instantáneo Molitalia 100g,1,4,6.42,9.27,75,12,100g,2022-12-01,1
77,7750000077,Chocolate para taza Don Vittorio 100g,1,11,4.59,6.07,74,9,100g,2022-12-01,1
78,7750000078,Galleta de soda Florida 12pack,1,3,1.22,1.98,27,7,unidad,2022-12-01,1
79,7750000079,Sal de mesa Florida 500g,1,10,1.05,1.73,71,14,500g,2022-12-01,1
80,7750000080,Frejol Florida 1kg,1,2,3.4,4.85,79,11,1kg,2022-12-01,1
81,7750000081,Agua Frugos 625ml,2,7,1.27,1.96,45,10,625ml,2022-12-01,1
82,7750000082,Gaseosa Frugos 1.5L,2,14,2.12,3.56,90,6,1.5L,2022-12-01,1
83,7750000083,Energizante San Luis 355ml,2,6,3.29,5.22,70,9,355ml,2022-12-01,1
84,7750000084,Isotónica Pulp 750ml,2,13,2.48,4.06,59,14,750ml,2022-12-01,1
85,7750000085,Jugo Pulp 300ml,2,5,2.12,3.16,17,6,300ml,2022-12-01,1
86,7750000086,Cerveza Coca-Cola 6pack,2,12,3.72,4.82,89,14,unidad,2022-12-01,1
87,7750000087,Bebida láctea Pulp 300ml,2,4,2.33,4.31,81,6,300ml,2022-12-01,1
88,7750000088,Café listo Frugos 330ml,2,11,3.02,4.89,62,15,330ml,2022-12-01,1
89,7750000089,Té listo Cielo 300ml,2,3,2.13,3.35,70,9,300ml,2022-12-01,1
90,7750000090,Agua saborizada Coca-Cola 625ml,2,10,1.88,3.05,30,12,625ml,2022-12-01,1
91,7750000091,Agua Volt 625ml,2,2,1.22,1.92,65,6,625ml,2022-12-01,1
92,7750000092,Gaseosa Inca Kola 3L,2,9,2.18,3.31,63,9,3L,2022-12-01,1
93,7750000093,Energizante Volt 355ml,2,1,3.39,5.31,78,9,355ml,2022-12-01,1
94,7750000094,Isotónica Sporade 750ml,2,8,2.58,3.83,90,14,750ml,2022-12-01,1
95,7750000095,Jugo Sporade 300ml,2,15,2.06,3.3,60,5,300ml,2022-12-01,1
96,7750000096,Cerveza Red Bull 355ml,2,7,3.35,5.25,43,12,355ml,2022-12-01,1
97,7750000097,Bebida láctea Coca-Cola 300ml,2,14,2.35,3.75,71,14,300ml,2022-12-01,1
98,7750000098,Café listo Pulp 330ml,2,6,3.11,4.62,49,13,330ml,2022-12-01,1
99,7750000099,Té listo Cielo 300ml,2,13,1.88,3.35,33,12,300ml,2022-12-01,1
100,7750000100,Agua saborizada Frugos 625ml,2,5,1.87,3.01,57,14,625ml,2022-12-01,1
101,7750000101,Agua Inca Kola 625ml,2,12,1.22,1.98,25,5,625ml,2022-12-01,1
102,7750000102,Gaseosa Frugos 500ml,2,4,2.09,3.46,85,8,500ml,2022-12-01,1
103,7750000103,Energizante Pepsi 355ml,2,11,3.26,5.3,22,7,355ml,2022-12-01,1
104,7750000104,Isotónica Pulp 750ml,2,3,2.52,4.08,61,10,750ml,2022-12-01,1
105,7750000105,Jugo Inca Kola 300ml,2,10,2.0,3.01,32,10,300ml,2022-12-01,1
106,7750000106,Cerveza Inca Kola 620ml,2,2,3.46,4.69,71,9,620ml,2022-12-01,1
107,7750000107,Bebida láctea San Luis 300ml,2,9,2.41,3.99,45,7,300ml,2022-12-01,1
108,7750000108,Café listo Pulp 330ml,2,1,3.14,4.68,55,8,330ml,2022-12-01,1
109,7750000109,Té listo Pepsi 300ml,2,8,1.99,3.45,27,12,300ml,2022-12-01,1
110,7750000110,Agua saborizada Volt 625ml,2,15,1.69,3.18,26,8,625ml,2022-12-01,1
111,7750000111,Agua Pulp 625ml,2,7,1.21,2.08,76,11,625ml,2022-12-01,1
112,7750000112,Gaseosa Red Bull 1.5L,2,14,2.35,3.7,34,15,1.5L,2022-12-01,1
113,7750000113,Energizante Pulp 355ml,2,6,3.49,5.24,75,10,355ml,2022-12-01,1
114,7750000114,Isotónica Volt 750ml,2,13,2.35,4.13,20,9,750ml,2022-12-01,1
115,7750000115,Jugo Coca-Cola 300ml,2,5,1.9,3.25,21,11,300ml,2022-12-01,1
116,7750000116,Cerveza Pepsi 6pack,2,12,3.34,4.91,25,10,unidad,2022-12-01,1
117,7750000117,Bebida láctea Frugos 300ml,2,4,2.52,3.73,75,8,300ml,2022-12-01,1
118,7750000118,Café listo Volt 330ml,2,11,3.01,4.84,52,7,330ml,2022-12-01,1
119,7750000119,Té listo Sporade 300ml,2,3,1.93,3.31,67,9,300ml,2022-12-01,1
120,7750000120,Agua saborizada Pulp 625ml,2,10,1.68,3.05,69,12,625ml,2022-12-01,1
121,7750000121,Agua Red Bull 625ml,2,2,1.21,2.03,56,11,625ml,2022-12-01,1
122,7750000122,Gaseosa Inca Kola 3L,2,9,2.09,3.39,89,9,3L,2022-12-01,1
123,7750000123,Energizante Red Bull 355ml,2,1,3.42,5.08,24,10,355ml,2022-12-01,1
124,7750000124,Isotónica Pulp 750ml,2,8,2.55,3.72,28,5,750ml,2022-12-01,1
125,7750000125,Jugo Frugos 300ml,2,15,1.88,3.14,56,12,300ml,2022-12-01,1
126,7750000126,Cerveza Volt 355ml,2,7,3.24,4.84,21,15,355ml,2022-12-01,1
127,7750000127,Bebida láctea San Luis 300ml,2,14,2.58,3.83,73,8,300ml,2022-12-01,1
128,7750000128,Café listo San Luis 330ml,2,6,3.06,4.43,54,13,330ml,2022-12-01,1
129,7750000129,Té listo Coca-Cola 300ml,2,13,1.89,3.17,58,10,300ml,2022-12-01,1
130,7750000130,Agua saborizada Volt 625ml,2,5,1.93,2.99,71,6,625ml,2022-12-01,1
131,7750000131,Agua Pepsi 625ml,2,12,1.14,1.89,90,8,625ml,2022-12-01,1
132,7750000132,Gaseosa Pepsi 500ml,2,4,2.09,3.3,59,11,500ml,2022-12-01,1
133,7750000133,Energizante Frugos 355ml,2,11,3.37,5.58,14,11,355ml,2022-12-01,1
134,7750000134,Isotónica Volt 750ml,2,3,2.63,3.95,21,15,750ml,2022-12-01,1
135,7750000135,Jugo Inca Kola 300ml,2,10,1.95,3.21,75,11,300ml,2022-12-01,1
136,7750000136,Cerveza Pulp 620ml,2,2,3.59,5.01,17,10,620ml,2022-12-01,1
137,7750000137,Bebida láctea Volt 300ml,2,9,2.59,3.96,46,5,300ml,2022-12-01,1
138,7750000138,Café listo Volt 330ml,2,1,3.17,4.46,17,15,330ml,2022-12-01,1
139,7750000139,Té listo Sporade 300ml,2,8,1.85,3.52,75,7,300ml,2022-12-01,1
140,7750000140,Agua saborizada Pulp 625ml,2,15,1.66,2.8,81,5,625ml,2022-12-01,1
141,7750000141,Agua Volt 625ml,2,7,1.21,1.87,26,13,625ml,2022-12-01,1
142,7750000142,Gaseosa Sporade 1.5L,2,14,2.3,3.31,86,13,1.5L,2022-12-01,1
143,7750000143,Energizante Red Bull 355ml,2,6,3.73,5.36,63,12,355ml,2022-12-01,1
144,7750000144,Isotónica Volt 750ml,2,13,2.51,3.97,82,15,750ml,2022-12-01,1
145,7750000145,Jugo Red Bull 300ml,2,5,1.99,3.21,32,15,300ml,2022-12-01,1
146,7750000146,Cerveza Sporade 6pack,2,12,3.3,5.39,18,15,unidad,2022-12-01,1
147,7750000147,Bebida láctea Frugos 300ml,2,4,2.67,3.94,63,9,300ml,2022-12-01,1
148,7750000148,Café listo Red Bull 330ml,2,11,2.97,5.12,58,14,330ml,2022-12-01,1
149,7750000149,Té listo San Luis 300ml,2,3,2.05,3.51,87,10,300ml,2022-12-01,1
150,7750000150,Agua saborizada San Luis 625ml,2,10,1.7,2.88,48,6,625ml,2022-12-01,1
151,7750000151,Leche Braedt 1L,3,10,2.62,3.91,31,5,1L,2022-12-01,1
152,7750000152,Yogur Laive 1L,3,2,2.14,3.6,33,7,1L,2022-12-01,1
153,7750000153,Queso Sancor 250g,3,9,5.6,8.48,48,14,250g,2022-12-01,1
154,7750000154,Mantequilla Gloria 200g,3,1,5.3,7.37,71,9,200g,2022-12-01,1
155,7750000155,Jamón Laive 200g,3,8,6.13,8.44,12,13,200g,2022-12-01,1
156,7750000156,Hot Dog Bonlé 500g,3,15,4.99,6.8,28,9,500g,2022-12-01,1
157,7750000157,Crema de leche Braedt 200ml,3,7,4.31,5.62,68,10,200ml,2022-12-01,1
158,7750000158,Postre refrigerado Laive unidad,3,14,2.8,4.72,78,11,unidad,2022-12-01,1
159,7750000159,Margarina Gloria 250g,3,6,2.86,3.98,69,9,250g,2022-12-01,1
160,7750000160,Leche Laive Pack 6,3,13,2.92,3.75,71,5,unidad,2022-12-01,1
161,7750000161,Yogur Braedt 160g,3,5,2.27,3.29,16,7,160g,2022-12-01,1
162,7750000162,Queso Laive 500g,3,12,6.47,8.4,17,8,500g,2022-12-01,1
163,7750000163,Mantequilla Sancor 100g,3,4,5.28,6.44,21,8,100g,2022-12-01,1
164,7750000164,Jamón Sancor 500g,3,11,5.65,8.56,55,8,500g,2022-12-01,1
165,7750000165,Hot Dog Bonlé 200g,3,3,4.71,7.42,55,9,200g,2022-12-01,1
166,7750000166,Crema de leche Danlac 200ml,3,10,3.97,5.54,22,6,200ml,2022-12-01,1
167,7750000167,Postre refrigerado Laive unidad,3,2,2.94,4.18,68,5,unidad,2022-12-01,1
168,7750000168,Margarina Bonlé 500g,3,9,2.89,4.01,89,9,500g,2022-12-01,1
169,7750000169,Leche Sancor 1L,3,1,2.78,4.04,77,11,1L,2022-12-01,1
170,7750000170,Yogur Gloria 1L,3,8,2.34,3.28,34,11,1L,2022-12-01,1
171,7750000171,Queso Danlac 250g,3,15,5.86,9.1,16,5,250g,2022-12-01,1
172,7750000172,Mantequilla Gloria 200g,3,7,4.97,6.67,53,7,200g,2022-12-01,1
173,7750000173,Jamón Sancor 200g,3,14,5.97,8.01,53,9,200g,2022-12-01,1
174,7750000174,Hot Dog Braedt 500g,3,6,5.12,6.62,83,8,500g,2022-12-01,1
175,7750000175,Crema de leche Bonlé 200ml,3,13,4.18,6.07,83,11,200ml,2022-12-01,1
176,7750000176,Postre refrigerado Braedt unidad,3,5,2.96,4.64,18,5,unidad,2022-12-01,1
177,7750000177,Margarina Braedt 250g,3,12,3.11,4.53,12,6,250g,2022-12-01,1
178,7750000178,Leche Sancor Pack 6,3,4,2.97,4.04,30,15,unidad,2022-12-01,1
179,7750000179,Yogur Gloria 160g,3,11,2.07,3.58,63,6,160g,2022-12-01,1
180,7750000180,Queso Gloria 500g,3,3,5.82,7.88,30,14,500g,2022-12-01,1
181,7750000181,Mantequilla Gloria 100g,3,10,4.88,7.53,52,15,100g,2022-12-01,1
182,7750000182,Jamón Danlac 500g,3,2,5.54,9.07,49,8,500g,2022-12-01,1
183,7750000183,Hot Dog Braedt 200g,3,9,4.64,6.88,65,10,200g,2022-12-01,1
184,7750000184,Crema de leche Gloria 200ml,3,1,3.83,6.17,19,11,200ml,2022-12-01,1
185,7750000185,Postre refrigerado Bonlé unidad,3,8,3.17,4.34,22,10,unidad,2022-12-01,1
186,7750000186,Margarina Laive 500g,3,15,2.86,4.37,59,8,500g,2022-12-01,1
187,7750000187,Leche Sancor 1L,3,7,3.0,3.81,38,12,1L,2022-12-01,1
188,7750000188,Yogur Bonlé 1L,3,14,2.18,3.49,76,6,1L,2022-12-01,1
189,7750000189,Queso Sancor 250g,3,6,6.22,8.61,45,11,250g,2022-12-01,1
190,7750000190,Mantequilla Bonlé 200g,3,13,4.87,7.06,62,13,200g,2022-12-01,1
191,7750000191,Jamón Gloria 200g,3,5,5.56,9.04,23,9,200g,2022-12-01,1
192,7750000192,Hot Dog Danlac 500g,3,12,5.16,6.59,53,15,500g,2022-12-01,1
193,7750000193,Crema de leche Gloria 200ml,3,4,4.02,5.48,12,9,200ml,2022-12-01,1
194,7750000194,Postre refrigerado Braedt unidad,3,11,2.99,4.52,52,6,unidad,2022-12-01,1
195,7750000195,Margarina Bonlé 250g,3,3,3.23,3.9,34,8,250g,2022-12-01,1
196,7750000196,Leche Bonlé Pack 6,3,10,2.6,4.31,31,7,unidad,2022-12-01,1
197,7750000197,Yogur Gloria 160g,3,2,2.17,3.34,50,11,160g,2022-12-01,1
198,7750000198,Queso Laive 500g,3,9,5.72,7.91,23,15,500g,2022-12-01,1
199,7750000199,Mantequilla Sancor 100g,3,1,4.81,7.33,20,5,100g,2022-12-01,1
200,7750000200,Jamón Bonlé 500g,3,8,5.84,8.85,76,9,500g,2022-12-01,1
201,7750000201,Hot Dog Sancor 200g,3,15,5.33,6.96,65,8,200g,2022-12-01,1
202,7750000202,Crema de leche Braedt 200ml,3,7,3.91,6.07,54,10,200ml,2022-12-01,1
203,7750000203,Postre refrigerado Laive unidad,3,14,3.07,4.42,31,12,unidad,2022-12-01,1
204,7750000204,Margarina Sancor 500g,3,6,2.78,4.11,79,14,500g,2022-12-01,1
205,7750000205,Leche Braedt 1L,3,13,2.92,4.16,38,7,1L,2022-12-01,1
206,7750000206,Detergente Suavitel 500g,4,13,4.6,6.35,46,6,500g,2022-12-01,1
207,7750000207,Lavavajilla Ayudín 1L,4,5,2.94,4.53,48,8,1L,2022-12-01,1
208,7750000208,Lejía Pino 1L,4,12,2.48,3.66,18,6,1L,2022-12-01,1
209,7750000209,Limpiador pisos Clorox 1L,4,4,3.42,4.88,46,9,1L,2022-12-01,1
210,7750000210,Desinfectante Suavitel 500ml,4,11,2.86,4.47,41,7,500ml,2022-12-01,1
211,7750000211,Suavizante Suavitel 2L,4,3,4.72,5.99,23,9,2L,2022-12-01,1
212,7750000212,Esponja Pino unidad,4,10,1.2,2.05,51,12,unidad,2022-12-01,1
213,7750000213,Escoba Opal unidad,4,2,5.91,8.91,13,5,unidad,2022-12-01,1
214,7750000214,Trapeador Opal unidad,4,9,4.91,7.99,57,10,unidad,2022-12-01,1
215,7750000215,Bolsas basura Sapolio 20u,4,1,2.41,3.78,52,12,unidad,2022-12-01,1
216,7750000216,Detergente Opal 1kg,4,8,4.37,6.64,52,13,1kg,2022-12-01,1
217,7750000217,Lavavajilla Ayudín 1L,4,15,3.1,4.65,13,5,1L,2022-12-01,1
218,7750000218,Lejía Opal 1L,4,7,2.31,3.91,55,11,1L,2022-12-01,1
219,7750000219,Limpiador pisos Suavitel 1L,4,14,3.66,4.86,50,13,1L,2022-12-01,1
220,7750000220,Desinfectante Clorox 500ml,4,6,3.09,4.23,43,8,500ml,2022-12-01,1
221,7750000221,Suavizante Ayudín 2L,4,13,4.39,6.4,42,12,2L,2022-12-01,1
222,7750000222,Esponja Clorox unidad,4,5,1.12,2.13,81,8,unidad,2022-12-01,1
223,7750000223,Escoba Sapolio unidad,4,12,6.37,8.49,83,7,unidad,2022-12-01,1
224,7750000224,Trapeador Suavitel unidad,4,4,4.72,7.56,81,14,unidad,2022-12-01,1
225,7750000225,Bolsas basura Suavitel 20u,4,11,2.59,4.24,38,7,unidad,2022-12-01,1
226,7750000226,Detergente Suavitel 2kg,4,3,4.25,6.4,57,12,2kg,2022-12-01,1
227,7750000227,Lavavajilla Ayudín 1L,4,10,3.0,4.45,47,8,1L,2022-12-01,1
228,7750000228,Lejía Clorox 1L,4,2,2.32,3.54,33,12,1L,2022-12-01,1
229,7750000229,Limpiador pisos Pino 1L,4,9,3.48,4.92,36,12,1L,2022-12-01,1
230,7750000230,Desinfectante Ace 500ml,4,1,3.12,4.46,74,10,500ml,2022-12-01,1
231,7750000231,Suavizante Ace 2L,4,8,4.48,6.39,72,5,2L,2022-12-01,1
232,7750000232,Esponja Ace unidad,4,15,1.15,2.29,72,15,unidad,2022-12-01,1
233,7750000233,Escoba Ayudín unidad,4,7,5.88,8.6,38,11,unidad,2022-12-01,1
234,7750000234,Trapeador Suavitel unidad,4,14,4.78,7.48,60,15,unidad,2022-12-01,1
235,7750000235,Bolsas basura Ace 20u,4,6,2.31,3.93,79,13,unidad,2022-12-01,1
236,7750000236,Detergente Opal 500g,4,13,4.72,6.4,36,9,500g,2022-12-01,1
237,7750000237,Lavavajilla Ayudín 1L,4,5,3.21,4.68,16,9,1L,2022-12-01,1
238,7750000238,Lejía Ayudín 1L,4,12,2.48,3.61,14,14,1L,2022-12-01,1
239,7750000239,Limpiador pisos Ayudín 1L,4,4,3.72,5.16,82,9,1L,2022-12-01,1
240,7750000240,Desinfectante Pino 500ml,4,11,3.15,4.36,86,15,500ml,2022-12-01,1
241,7750000241,Suavizante Opal 2L,4,3,4.28,6.79,34,14,2L,2022-12-01,1
242,7750000242,Esponja Ayudín unidad,4,10,1.16,2.2,83,8,unidad,2022-12-01,1
243,7750000243,Escoba Ace unidad,4,2,5.57,8.75,24,10,unidad,2022-12-01,1
244,7750000244,Trapeador Clorox unidad,4,9,5.16,7.42,42,5,unidad,2022-12-01,1
245,7750000245,Bolsas basura Ace 20u,4,1,2.43,3.93,12,13,unidad,2022-12-01,1
246,7750000246,Detergente Sapolio 1kg,4,8,4.76,6.87,82,7,1kg,2022-12-01,1
247,7750000247,Lavavajilla Pino 1L,4,15,2.78,4.73,56,14,1L,2022-12-01,1
248,7750000248,Lejía Ace 1L,4,7,2.31,3.76,44,12,1L,2022-12-01,1
249,7750000249,Limpiador pisos Clorox 1L,4,14,3.49,5.17,60,8,1L,2022-12-01,1
250,7750000250,Desinfectante Pino 500ml,4,6,2.94,4.39,66,15,500ml,2022-12-01,1
251,7750000251,Suavizante Ace 2L,4,13,4.37,6.78,59,13,2L,2022-12-01,1
252,7750000252,Esponja Opal unidad,4,5,1.16,2.24,22,5,unidad,2022-12-01,1
253,7750000253,Escoba Ace unidad,4,12,5.55,9.61,42,14,unidad,2022-12-01,1
254,7750000254,Trapeador Suavitel unidad,4,4,5.13,7.65,74,7,unidad,2022-12-01,1
255,7750000255,Bolsas basura Suavitel 20u,4,11,2.35,3.89,41,15,unidad,2022-12-01,1
256,7750000256,Shampoo Nivea 200ml,5,1,8.08,12.19,67,9,200ml,2022-12-01,1
257,7750000257,Acondicionador Rexona 200ml,5,8,8.22,11.21,21,12,200ml,2022-12-01,1
258,7750000258,Jabón tocador Dove 90g,5,15,1.88,3.74,85,8,90g,2022-12-01,1
259,7750000259,Pasta dental Colgate 100ml,5,7,3.59,5.71,24,11,100ml,2022-12-01,1
260,7750000260,Cepillo dental Nivea unidad,5,14,2.42,4.72,37,13,unidad,2022-12-01,1
261,7750000261,Desodorante Rexona 150ml,5,6,6.54,10.83,53,6,150ml,2022-12-01,1
262,7750000262,Papel higiénico Nosotras 4rollos,5,13,3.97,6.66,25,12,unidad,2022-12-01,1
263,7750000263,Toallas higiénicas Dove 16u,5,5,2.79,5.34,56,13,unidad,2022-12-01,1
264,7750000264,Crema corporal Colgate 200ml,5,12,5.6,9.23,50,14,200ml,2022-12-01,1
265,7750000265,Gel cabello Nosotras 150g,5,4,4.13,6.38,24,7,150g,2022-12-01,1
266,7750000266,Shampoo Colgate 200ml,5,11,8.21,12.35,62,14,200ml,2022-12-01,1
267,7750000267,Acondicionador Nivea 200ml,5,3,7.62,12.53,69,5,200ml,2022-12-01,1
268,7750000268,Jabón tocador Nivea 90g,5,10,2.08,3.23,84,9,90g,2022-12-01,1
269,7750000269,Pasta dental Pantene 100ml,5,2,3.62,5.23,30,5,100ml,2022-12-01,1
270,7750000270,Cepillo dental Dove unidad,5,9,2.41,4.33,13,11,unidad,2022-12-01,1
271,7750000271,Desodorante Pantene 150ml,5,1,7.32,10.35,50,9,150ml,2022-12-01,1
272,7750000272,Papel higiénico Nosotras 4rollos,5,8,3.73,6.29,47,12,unidad,2022-12-01,1
273,7750000273,Toallas higiénicas Colgate 16u,5,15,3.16,4.92,35,13,unidad,2022-12-01,1
274,7750000274,Crema corporal Nosotras 200ml,5,7,5.95,9.71,26,8,200ml,2022-12-01,1
275,7750000275,Gel cabello Dove 150g,5,14,4.11,6.83,24,14,150g,2022-12-01,1
276,7750000276,Shampoo Colgate 200ml,5,6,7.91,12.03,31,11,200ml,2022-12-01,1
277,7750000277,Acondicionador Head & Shoulders 200ml,5,13,8.37,11.92,65,15,200ml,2022-12-01,1
278,7750000278,Jabón tocador Nivea 90g,5,5,2.03,3.25,55,11,90g,2022-12-01,1
279,7750000279,Pasta dental Head & Shoulders 100ml,5,12,3.37,5.92,39,8,100ml,2022-12-01,1
280,7750000280,Cepillo dental Pantene unidad,5,4,2.44,4.65,85,10,unidad,2022-12-01,1
281,7750000281,Desodorante Dove 150ml,5,11,7.14,11.24,62,13,150ml,2022-12-01,1
282,7750000282,Papel higiénico Head & Shoulders 4rollos,5,3,3.84,6.89,72,13,unidad,2022-12-01,1
283,7750000283,Toallas higiénicas Nosotras 16u,5,10,3.01,4.76,44,10,unidad,2022-12-01,1
284,7750000284,Crema corporal Head & Shoulders 200ml,5,2,6.2,9.36,85,11,200ml,2022-12-01,1
285,7750000285,Gel cabello Nosotras 150g,5,9,4.14,6.4,55,14,150g,2022-12-01,1
286,7750000286,Shampoo Rexona 200ml,5,1,7.94,12.3,30,5,200ml,2022-12-01,1
287,7750000287,Acondicionador Rexona 200ml,5,8,8.25,11.65,51,11,200ml,2022-12-01,1
288,7750000288,Jabón tocador Colgate 90g,5,15,1.99,3.64,65,11,90g,2022-12-01,1
289,7750000289,Pasta dental Nosotras 100ml,5,7,3.51,5.43,85,9,100ml,2022-12-01,1
290,7750000290,Cepillo dental Dove unidad,5,14,2.54,4.61,82,7,unidad,2022-12-01,1
291,7750000291,Desodorante Head & Shoulders 150ml,5,6,6.71,10.57,73,7,150ml,2022-12-01,1
292,7750000292,Papel higiénico Rexona 4rollos,5,13,4.02,6.46,84,12,unidad,2022-12-01,1
293,7750000293,Toallas higiénicas Colgate 16u,5,5,2.97,5.05,30,10,unidad,2022-12-01,1
294,7750000294,Crema corporal Rexona 200ml,5,12,5.56,9.11,39,13,200ml,2022-12-01,1
295,7750000295,Gel cabello Colgate 150g,5,4,3.94,6.52,90,10,150g,2022-12-01,1
296,7750000296,Shampoo Head & Shoulders 200ml,5,11,7.92,11.13,76,9,200ml,2022-12-01,1
297,7750000297,Acondicionador Colgate 200ml,5,3,7.87,11.88,77,12,200ml,2022-12-01,1
298,7750000298,Jabón tocador Nosotras 90g,5,10,1.94,3.59,29,8,90g,2022-12-01,1
299,7750000299,Pasta dental Head & Shoulders 100ml,5,2,3.6,5.35,13,11,100ml,2022-12-01,1
300,7750000300,Cepillo dental Head & Shoulders unidad,5,9,2.32,4.19,21,11,unidad,2022-12-01,1
301,7750000301,Desodorante Rexona 150ml,5,1,7.08,10.13,38,6,150ml,2022-12-01,1
302,7750000302,Papel higiénico Colgate 4rollos,5,8,3.82,5.99,76,12,unidad,2022-12-01,1
303,7750000303,Toallas higiénicas Pantene 16u,5,15,3.12,4.85,34,8,unidad,2022-12-01,1
304,7750000304,Crema corporal Colgate 200ml,5,7,6.45,8.96,78,13,200ml,2022-12-01,1
305,7750000305,Gel cabello Colgate 150g,5,14,3.69,6.29,45,8,150g,2022-12-01,1
306,7750000306,Shampoo Dove 200ml,5,6,7.66,11.91,44,7,200ml,2022-12-01,1
307,7750000307,Acondicionador Pantene 200ml,5,13,7.57,12.81,69,15,200ml,2022-12-01,1
308,7750000308,Jabón tocador Nivea 90g,5,5,1.89,3.27,57,13,90g,2022-12-01,1
309,7750000309,Pasta dental Pantene 100ml,5,12,3.72,5.62,23,11,100ml,2022-12-01,1
310,7750000310,Cepillo dental Head & Shoulders unidad,5,4,2.6,4.54,23,7,unidad,2022-12-01,1
311,7750000311,Galletas Mogul pack,6,4,1.17,2.07,81,8,unidad,2022-12-01,1
312,7750000312,Papas fritas Field 150g,6,11,2.3,4.57,56,5,150g,2022-12-01,1
313,7750000313,Chizitos Lay’s 50g,6,3,1.43,2.83,54,15,50g,2022-12-01,1
314,7750000314,Chocolate Oreo 60g,6,10,0.96,1.95,14,13,60g,2022-12-01,1
315,7750000315,Caramelos Sublime 100g,6,2,1.43,2.87,21,12,100g,2022-12-01,1
316,7750000316,Chicles Trident pack,6,9,1.15,2.26,24,8,unidad,2022-12-01,1
317,7750000317,Maní Trident 100g,6,1,1.66,2.93,45,7,100g,2022-12-01,1
318,7750000318,Barra cereal Field 30g,6,8,1.22,2.36,59,8,30g,2022-12-01,1
319,7750000319,Gomitas Cheetos 100g,6,15,1.45,2.68,31,6,100g,2022-12-01,1
320,7750000320,Cancha Mogul 100g,6,7,1.98,3.06,40,7,100g,2022-12-01,1
321,7750000321,Galletas Field pack,6,14,1.13,2.08,79,6,unidad,2022-12-01,1
322,7750000322,Papas fritas Lay’s 150g,6,6,2.32,4.29,58,10,150g,2022-12-01,1
323,7750000323,Chizitos Ritz 50g,6,13,1.52,2.78,32,14,50g,2022-12-01,1
324,7750000324,Chocolate Lay’s 60g,6,5,1.05,2.06,16,11,60g,2022-12-01,1
325,7750000325,Caramelos Lay’s 100g,6,12,1.5,3.02,77,5,100g,2022-12-01,1
326,7750000326,Chicles Cheetos pack,6,4,1.16,2.25,14,10,unidad,2022-12-01,1
327,7750000327,Maní Mogul 100g,6,11,1.91,3.04,13,14,100g,2022-12-01,1
328,7750000328,Barra cereal Oreo 30g,6,3,1.25,2.16,43,12,30g,2022-12-01,1
329,7750000329,Gomitas Field 100g,6,10,1.47,2.62,20,11,100g,2022-12-01,1
330,7750000330,Cancha Mogul 100g,6,2,1.97,3.01,63,10,100g,2022-12-01,1
331,7750000331,Galletas Field pack,6,9,1.27,2.22,24,13,unidad,2022-12-01,1
332,7750000332,Papas fritas Field 150g,6,1,2.69,4.68,51,7,150g,2022-12-01,1
333,7750000333,Chizitos Oreo 50g,6,8,1.55,2.89,75,7,50g,2022-12-01,1
334,7750000334,Chocolate Cheetos 60g,6,15,0.99,2.14,60,7,60g,2022-12-01,1
335,7750000335,Caramelos Sublime 100g,6,7,1.59,2.59,90,10,100g,2022-12-01,1
336,7750000336,Chicles Sublime pack,6,14,1.26,2.31,46,10,unidad,2022-12-01,1
337,7750000337,Maní Field 100g,6,6,1.82,3.04,90,13,100g,2022-12-01,1
338,7750000338,Barra cereal Cheetos 30g,6,13,1.18,2.16,17,6,30g,2022-12-01,1
339,7750000339,Gomitas Field 100g,6,5,1.6,2.88,21,11,100g,2022-12-01,1
340,7750000340,Cancha Mogul 100g,6,12,2.02,3.17,43,12,100g,2022-12-01,1
341,7750000341,Galletas Trident pack,6,4,1.21,2.09,78,10,unidad,2022-12-01,1
342,7750000342,Papas fritas Oreo 150g,6,11,2.33,4.42,51,10,150g,2022-12-01,1
343,7750000343,Chizitos Lay’s 50g,6,3,1.49,2.89,64,13,50g,2022-12-01,1
344,7750000344,Chocolate Lay’s 60g,6,10,0.94,2.15,55,10,60g,2022-12-01,1
345,7750000345,Caramelos Sublime 100g,6,2,1.56,2.79,78,6,100g,2022-12-01,1
346,7750000346,Chicles Oreo pack,6,9,1.12,2.12,83,9,unidad,2022-12-01,1
347,7750000347,Maní Doritos 100g,6,1,1.73,3.11,30,9,100g,2022-12-01,1
348,7750000348,Barra cereal Ritz 30g,6,8,1.24,2.1,37,14,30g,2022-12-01,1
349,7750000349,Gomitas Mogul 100g,6,15,1.41,2.66,20,8,100g,2022-12-01,1
350,7750000350,Cancha Field 100g,6,7,2.1,3.23,35,5,100g,2022-12-01,1
351,7750000351,Galletas Mogul pack,6,14,1.14,2.2,15,7,unidad,2022-12-01,1
352,7750000352,Papas fritas Sublime 150g,6,6,2.67,4.82,81,10,150g,2022-12-01,1
353,7750000353,Chizitos Doritos 50g,6,13,1.56,3.02,12,6,50g,2022-12-01,1
354,7750000354,Chocolate Mogul 60g,6,5,1.04,2.04,25,13,60g,2022-12-01,1
355,7750000355,Caramelos Trident 100g,6,12,1.41,2.81,86,13,100g,2022-12-01,1
356,7750000356,Chicles Field pack,6,4,1.14,2.32,68,10,unidad,2022-12-01,1
357,7750000357,Maní Sublime 100g,6,11,1.85,2.87,73,9,100g,2022-12-01,1
358,7750000358,Barra cereal Ritz 30g,6,3,1.13,2.17,53,15,30g,2022-12-01,1
359,7750000359,Gomitas Cheetos 100g,6,10,1.56,2.67,29,5,100g,2022-12-01,1
360,7750000360,Cancha Mogul 100g,6,2,1.9,3.24,35,5,100g,2022-12-01,1
361,7750000361,Galletas Ritz pack,6,9,1.18,2.2,47,10,unidad,2022-12-01,1
362,7750000362,Papas fritas Cheetos 150g,6,1,2.56,4.85,30,6,150g,2022-12-01,1
363,7750000363,Chizitos Doritos 50g,6,8,1.38,3.01,33,6,50g,2022-12-01,1
364,7750000364,Chocolate Doritos 60g,6,15,1.05,2.04,26,11,60g,2022-12-01,1
365,7750000365,Caramelos Lay’s 100g,6,7,1.51,2.88,64,12,100g,2022-12-01,1
366,7750000366,Chicles Sublime pack,6,14,1.2,2.17,29,9,unidad,2022-12-01,1
367,7750000367,Maní Oreo 100g,6,6,1.83,2.96,61,8,100g,2022-12-01,1
368,7750000368,Barra cereal Doritos 30g,6,13,1.23,2.14,89,9,30g,2022-12-01,1
369,7750000369,Gomitas Doritos 100g,6,5,1.56,2.84,33,10,100g,2022-12-01,1
370,7750000370,Cancha Trident 100g,6,12,2.1,2.95,81,15,100g,2022-12-01,1
371,7750000371,Galletas Oreo pack,6,4,1.19,2.03,27,8,unidad,2022-12-01,1
372,7750000372,Papas fritas Trident 150g,6,11,2.68,4.81,86,8,150g,2022-12-01,1
373,7750000373,Chizitos Cheetos 50g,6,3,1.46,2.87,58,7,50g,2022-12-01,1
374,7750000374,Chocolate Cheetos 60g,6,10,1.07,2.09,40,5,60g,2022-12-01,1
375,7750000375,Caramelos Field 100g,6,2,1.58,2.9,80,5,100g,2022-12-01,1
376,7750000376,Chicles Mogul pack,6,9,1.14,2.2,24,12,unidad,2022-12-01,1
377,7750000377,Maní Ritz 100g,6,1,1.86,2.86,48,6,100g,2022-12-01,1
378,7750000378,Barra cereal Sublime 30g,6,8,1.17,2.2,69,12,30g,2022-12-01,1
379,7750000379,Gomitas Cheetos 100g,6,15,1.56,2.81,83,15,100g,2022-12-01,1
380,7750000380,Cancha Field 100g,6,7,1.95,3.39,56,14,100g,2022-12-01,1
381,7750000381,Pan de molde Bimbo 500g,7,7,3.52,5.31,40,6,500g,2022-12-01,1
382,7750000382,Pan francés KUSI 12u,7,14,1.05,1.8,36,5,unidad,2022-12-01,1
383,7750000383,Empanada KUSI unidad,7,6,2.15,3.67,14,14,unidad,2022-12-01,1
384,7750000384,Alfajor KUSI pack 3,7,13,1.48,2.82,62,10,unidad,2022-12-01,1
385,7750000385,Brownie Field unidad,7,5,1.86,3.23,62,13,unidad,2022-12-01,1
386,7750000386,Queque Field unidad,7,12,2.32,4.01,21,9,unidad,2022-12-01,1
387,7750000387,Croissant San Jorge unidad,7,4,1.91,3.68,59,6,unidad,2022-12-01,1
388,7750000388,Pan de molde KUSI 500g,7,11,3.46,5.35,32,8,500g,2022-12-01,1
389,7750000389,Pan francés KUSI 6u,7,3,1.06,1.83,17,5,unidad,2022-12-01,1
390,7750000390,Empanada KUSI unidad,7,10,2.01,3.48,38,5,unidad,2022-12-01,1
391,7750000391,Alfajor San Jorge unidad,7,2,1.6,2.79,64,11,unidad,2022-12-01,1
392,7750000392,Brownie KUSI unidad,7,9,2.08,3.45,70,9,unidad,2022-12-01,1
393,7750000393,Queque San Jorge unidad,7,1,2.51,3.74,88,5,unidad,2022-12-01,1
394,7750000394,Croissant KUSI unidad,7,8,1.84,3.71,57,15,unidad,2022-12-01,1
395,7750000395,Pan de molde Field 500g,7,15,3.58,5.55,26,15,500g,2022-12-01,1
396,7750000396,Pan francés San Jorge 12u,7,7,0.97,1.85,81,6,unidad,2022-12-01,1
397,7750000397,Empanada Bimbo unidad,7,14,1.96,3.28,15,5,unidad,2022-12-01,1
398,7750000398,Alfajor Field pack 3,7,6,1.48,2.74,78,6,unidad,2022-12-01,1
399,7750000399,Brownie San Jorge unidad,7,13,2.09,3.36,69,13,unidad,2022-12-01,1
400,7750000400,Queque Bimbo unidad,7,5,2.65,3.72,55,10,unidad,2022-12-01,1
401,7750000401,Croissant San Jorge unidad,7,12,2.07,3.7,76,12,unidad,2022-12-01,1
402,7750000402,Pan de molde Bimbo 500g,7,4,3.33,5.42,13,5,500g,2022-12-01,1
403,7750000403,Pan francés Bimbo 6u,7,11,0.98,1.71,57,7,unidad,2022-12-01,1
404,7750000404,Empanada Bimbo unidad,7,3,1.88,3.28,37,12,unidad,2022-12-01,1
405,7750000405,Alfajor San Jorge unidad,7,10,1.42,2.61,24,14,unidad,2022-12-01,1
406,7750000406,Brownie Field unidad,7,2,1.92,3.71,43,7,unidad,2022-12-01,1
407,7750000407,Queque Bimbo unidad,7,9,2.57,4.11,57,5,unidad,2022-12-01,1
408,7750000408,Croissant San Jorge unidad,7,1,2.08,3.34,57,9,unidad,2022-12-01,1
409,7750000409,Pan de molde Bimbo 500g,7,8,3.52,5.5,87,8,500g,2022-12-01,1
410,7750000410,Pan francés Bimbo 12u,7,15,0.98,1.73,42,5,unidad,2022-12-01,1
411,7750000411,Empanada San Jorge unidad,7,7,1.85,3.68,46,6,unidad,2022-12-01,1
412,7750000412,Alfajor Field pack 3,7,14,1.38,2.91,12,10,unidad,2022-12-01,1
413,7750000413,Brownie KUSI unidad,7,6,1.89,3.33,79,7,unidad,2022-12-01,1
414,7750000414,Queque Field unidad,7,13,2.66,4.06,26,6,unidad,2022-12-01,1
415,7750000415,Croissant Bimbo unidad,7,5,1.92,3.66,84,10,unidad,2022-12-01,1
416,7750000416,Pan de molde KUSI 500g,7,12,3.42,5.56,16,6,500g,2022-12-01,1
417,7750000417,Pan francés Field 6u,7,4,1.01,1.83,78,12,unidad,2022-12-01,1
418,7750000418,Empanada Bimbo unidad,7,11,2.01,3.72,62,14,unidad,2022-12-01,1
419,7750000419,Alfajor Bimbo unidad,7,3,1.38,2.58,38,7,unidad,2022-12-01,1
420,7750000420,Brownie Bimbo unidad,7,10,2.06,3.24,32,11,unidad,2022-12-01,1
421,7750000421,Queque Field unidad,7,2,2.57,4.13,60,11,unidad,2022-12-01,1
422,7750000422,Croissant Field unidad,7,9,1.91,3.42,82,5,unidad,2022-12-01,1
423,7750000423,Pan de molde Field 500g,7,1,3.36,5.19,37,8,500g,2022-12-01,1
424,7750000424,Pan francés San Jorge 12u,7,8,1.07,1.76,29,12,unidad,2022-12-01,1
425,7750000425,Empanada KUSI unidad,7,15,1.94,3.68,80,12,unidad,2022-12-01,1
426,7750000426,Paracetamol Johnson 500mg 10u,8,10,1.43,2.73,36,8,500mg 10u,2022-12-01,1
427,7750000427,Ibuprofeno Ibuprofeno genérico 400mg 10u,8,2,1.87,3.38,81,13,400mg 10u,2022-12-01,1
428,7750000428,Sales rehidratación Vick sobre,8,9,1.0,2.0,17,8,unidad,2022-12-01,1
429,7750000429,Alcohol Ibuprofeno genérico 250ml,8,1,1.79,2.85,51,11,250ml,2022-12-01,1
430,7750000430,Curitas Panadol 10u,8,8,1.99,3.54,18,14,unidad,2022-12-01,1
431,7750000431,Agua oxigenada Ibuprofeno genérico 100ml,8,15,1.26,2.18,69,8,100ml,2022-12-01,1
432,7750000432,Vick Ibuprofeno genérico 50g,8,7,6.27,9.53,29,15,50g,2022-12-01,1
433,7750000433,Suero fisiológico Panadol 500ml,8,14,1.99,3.37,28,9,500ml,2022-12-01,1
434,7750000434,Paracetamol Johnson 500mg 10u,8,6,1.44,2.84,75,13,500mg 10u,2022-12-01,1
435,7750000435,Ibuprofeno Panadol 400mg 10u,8,13,2.07,3.55,14,8,400mg 10u,2022-12-01,1
436,7750000436,Sales rehidratación Ibuprofeno genérico sobre,8,5,1.01,1.95,32,14,unidad,2022-12-01,1
437,7750000437,Alcohol Curitas 250ml,8,12,1.91,2.81,67,7,250ml,2022-12-01,1
438,7750000438,Curitas Panadol 10u,8,4,1.91,3.43,18,15,unidad,2022-12-01,1
439,7750000439,Agua oxigenada Ibuprofeno genérico 100ml,8,11,1.2,2.18,69,5,100ml,2022-12-01,1
440,7750000440,Vick Ibuprofeno genérico 50g,8,3,6.67,9.92,35,12,50g,2022-12-01,1
441,7750000441,Suero fisiológico Johnson 500ml,8,10,1.92,3.56,14,8,500ml,2022-12-01,1
442,7750000442,Paracetamol Johnson 500mg 10u,8,2,1.53,2.58,24,5,500mg 10u,2022-12-01,1
443,7750000443,Ibuprofeno Vick 400mg 10u,8,9,2.12,3.29,42,12,400mg 10u,2022-12-01,1
444,7750000444,Sales rehidratación Vick sobre,8,1,1.08,2.07,62,13,unidad,2022-12-01,1
445,7750000445,Alcohol Vick 250ml,8,8,1.86,3.06,35,14,250ml,2022-12-01,1
446,7750000446,Curitas Vick 10u,8,15,2.15,3.77,23,11,unidad,2022-12-01,1
447,7750000447,Agua oxigenada Vick 100ml,8,7,1.24,2.07,63,6,100ml,2022-12-01,1
448,7750000448,Vick Curitas 50g,8,14,6.35,9.15,64,10,50g,2022-12-01,1
449,7750000449,Suero fisiológico Johnson 500ml,8,6,1.92,3.43,59,14,500ml,2022-12-01,1
450,7750000450,Paracetamol Johnson 500mg 10u,8,13,1.39,2.82,82,9,500mg 10u,2022-12-01,1
451,7750000451,Ibuprofeno Vick 400mg 10u,8,5,2.01,3.35,20,9,400mg 10u,2022-12-01,1
452,7750000452,Sales rehidratación Johnson sobre,8,12,1.06,1.98,16,7,unidad,2022-12-01,1
453,7750000453,Alcohol Curitas 250ml,8,4,1.72,3.21,18,7,250ml,2022-12-01,1
454,7750000454,Curitas Johnson 10u,8,11,2.03,3.53,68,6,unidad,2022-12-01,1
455,7750000455,Agua oxigenada Curitas 100ml,8,3,1.19,2.24,30,13,100ml,2022-12-01,1
456,7750000456,Vick Vick 50g,8,10,6.85,9.08,55,14,50g,2022-12-01,1
457,7750000457,Suero fisiológico Curitas 500ml,8,2,1.84,3.66,33,5,500ml,2022-12-01,1
458,7750000458,Paracetamol Panadol 500mg 10u,8,9,1.4,2.76,50,13,500mg 10u,2022-12-01,1
459,7750000459,Ibuprofeno Vick 400mg 10u,8,1,1.86,3.33,44,10,400mg 10u,2022-12-01,1
460,7750000460,Sales rehidratación Ibuprofeno genérico sobre,8,8,0.96,2.14,47,10,unidad,2022-12-01,1
461,7750000461,Helado D’Onofrio unidad,9,13,2.06,3.73,21,5,unidad,2022-12-01,1
462,7750000462,Paleta helada Artika unidad,9,5,1.19,2.6,46,14,unidad,2022-12-01,1
463,7750000463,Helado familiar D’Onofrio 1L,9,12,7.51,11.85,36,10,1L,2022-12-01,1
464,7750000464,Nuggets Lamborgini 500g,9,4,6.25,9.46,39,5,500g,2022-12-01,1
465,7750000465,Hamburguesa congelada Artika pack 4,9,11,7.26,9.29,57,6,unidad,2022-12-01,1
466,7750000466,Helado D’Onofrio 1L,9,3,1.97,3.58,89,11,1L,2022-12-01,1
467,7750000467,Paleta helada D’Onofrio unidad,9,10,1.11,2.32,40,12,unidad,2022-12-01,1
468,7750000468,Helado familiar Artika 2L,9,2,6.53,10.65,54,10,2L,2022-12-01,1
469,7750000469,Nuggets Artika 500g,9,9,6.19,8.53,35,11,500g,2022-12-01,1
470,7750000470,Hamburguesa congelada Lamborgini pack 4,9,1,7.24,9.95,15,13,unidad,2022-12-01,1
471,7750000471,Helado Artika unidad,9,8,2.04,3.59,53,11,unidad,2022-12-01,1
472,7750000472,Paleta helada Lamborgini unidad,9,15,1.26,2.56,54,5,unidad,2022-12-01,1
473,7750000473,Helado familiar Lamborgini 1L,9,7,6.72,11.07,81,6,1L,2022-12-01,1
474,7750000474,Nuggets D’Onofrio 500g,9,14,5.74,9.22,74,9,500g,2022-12-01,1
475,7750000475,Hamburguesa congelada Lamborgini pack 4,9,6,7.13,9.84,42,6,unidad,2022-12-01,1
476,7750000476,Helado Lamborgini 1L,9,13,1.97,3.63,14,10,1L,2022-12-01,1
477,7750000477,Paleta helada D’Onofrio unidad,9,5,1.19,2.56,26,13,unidad,2022-12-01,1
478,7750000478,Helado familiar D’Onofrio 2L,9,12,7.07,11.07,15,8,2L,2022-12-01,1
479,7750000479,Nuggets Artika 500g,9,4,6.19,8.91,79,8,500g,2022-12-01,1
480,7750000480,Hamburguesa congelada D’Onofrio pack 4,9,11,7.0,10.59,27,13,unidad,2022-12-01,1
481,7750000481,Helado D’Onofrio unidad,9,3,2.14,3.74,25,11,unidad,2022-12-01,1
482,7750000482,Paleta helada Artika unidad,9,10,1.23,2.41,17,8,unidad,2022-12-01,1
483,7750000483,Helado familiar Artika 1L,9,2,7.01,11.51,19,15,1L,2022-12-01,1
484,7750000484,Nuggets Artika 500g,9,9,6.09,8.28,35,12,500g,2022-12-01,1
485,7750000485,Hamburguesa congelada Lamborgini pack 4,9,1,6.75,10.7,16,12,unidad,2022-12-01,1
486,7750000486,Helado Lamborgini 1L,9,8,1.92,3.31,65,13,1L,2022-12-01,1
487,7750000487,Paleta helada Lamborgini unidad,9,15,1.29,2.37,34,13,unidad,2022-12-01,1
488,7750000488,Helado familiar D’Onofrio 2L,9,7,7.29,10.96,53,8,2L,2022-12-01,1
489,7750000489,Nuggets Artika 500g,9,14,5.76,9.22,29,12,500g,2022-12-01,1
490,7750000490,Hamburguesa congelada Lamborgini pack 4,9,6,6.93,10.22,53,14,unidad,2022-12-01,1
491,7750000491,Pilas Virutex 2u,10,1,1.95,3.7,60,11,unidad,2022-12-01,1
492,7750000492,Encendedor Tigre unidad,10,8,1.42,3.05,54,5,unidad,2022-12-01,1
493,7750000493,Bolsas compras Rayovac 10u,10,15,0.95,1.85,67,7,unidad,2022-12-01,1
494,7750000494,Cinta adhesiva Rayovac unidad,10,7,1.97,3.91,27,7,unidad,2022-12-01,1
495,7750000495,Foco LED Tigre 9W,10,14,4.98,8.91,67,11,unidad,2022-12-01,1
496,7750000496,Vaso descartable Virutex 50u,10,6,1.88,3.47,59,5,unidad,2022-12-01,1
497,7750000497,Plato descartable Virutex 25u,10,13,1.97,3.49,81,5,unidad,2022-12-01,1
498,7750000498,Pañuelo papel Duracell pack,10,5,1.41,2.73,21,14,unidad,2022-12-01,1
499,7750000499,Pilas Duracell 2u,10,12,1.85,4.17,75,11,unidad,2022-12-01,1
500,7750000500,Encendedor Duracell unidad,10,4,1.55,2.96,28,8,unidad,2022-12-01,1
501,7750000501,Bolsas compras Rayovac 10u,10,11,0.96,1.85,75,8,unidad,2022-12-01,1
502,7750000502,Cinta adhesiva Rayovac unidad,10,3,1.85,4.15,69,13,unidad,2022-12-01,1
503,7750000503,Foco LED Rayovac 9W,10,10,4.67,9.16,29,11,unidad,2022-12-01,1
504,7750000504,Vaso descartable Tigre 50u,10,2,2.01,3.48,20,13,unidad,2022-12-01,1
505,7750000505,Plato descartable Rayovac 25u,10,9,2.07,3.58,32,11,unidad,2022-12-01,1
506,7750000506,Pañuelo papel Duracell pack,10,1,1.48,2.87,73,15,unidad,2022-12-01,1
507,7750000507,Pilas Rayovac 2u,10,8,2.04,4.14,70,8,unidad,2022-12-01,1
508,7750000508,Encendedor Duracell unidad,10,15,1.5,3.07,83,9,unidad,2022-12-01,1
509,7750000509,Bolsas compras Rayovac 10u,10,7,1.06,2.07,42,11,unidad,2022-12-01,1
510,7750000510,Cinta adhesiva Rayovac unidad,10,14,2.09,4.14,16,12,unidad,2022-12-01,1
511,7750000511,Foco LED Tigre 9W,10,6,4.89,9.33,22,9,unidad,2022-12-01,1
512,7750000512,Vaso descartable Virutex 50u,10,13,2.1,3.68,36,14,unidad,2022-12-01,1
513,7750000513,Plato descartable Rayovac 25u,10,5,1.88,3.44,86,6,unidad,2022-12-01,1
514,7750000514,Pañuelo papel Tigre pack,10,12,1.51,2.84,60,13,unidad,2022-12-01,1
515,7750000515,Pilas Virutex 2u,10,4,1.95,4.26,15,5,unidad,2022-12-01,1
