periodo,anio,mes,empresa,zona,tiendas_activas,transacciones,ventas_soles,ticket_promedio,ventas_por_tienda,transacciones_por_tienda_dia,origen_datos
2023-01,2023,1,Tambo,Lima Centro,79,1075715,16529385.5,15.37,209232.73,439.2,sintetico
2023-01,2023,1,Tambo,Lima Norte,99,1171498,16211931.66,13.84,163756.89,381.7,sintetico
2023-01,2023,1,Tambo,Lima Sur,71,735283,10067786.13,13.69,141799.8,334.1,sintetico
2023-01,2023,1,Tambo,Lima Este,87,1019783,14189504.12,13.91,163097.75,378.1,sintetico
2023-01,2023,1,Tambo,Callao,32,396669,5690363.92,14.35,177823.87,399.9,sintetico
2023-01,2023,1,Tambo,Provincias,12,120249,1597330.66,13.28,133110.89,323.2,sintetico
2023-02,2023,2,Tambo,Lima Centro,81,862239,12931131.12,15.0,159643.59,380.2,sintetico
2023-02,2023,2,Tambo,Lima Norte,101,922397,12717303.4,13.79,125913.9,326.2,sintetico
2023-02,2023,2,Tambo,Lima Sur,72,600290,8011496.7,13.35,111270.79,297.8,sintetico
2023-02,2023,2,Tambo,Lima Este,89,835100,11406156.71,13.66,128159.06,335.1,sintetico
2023-02,2023,2,Tambo,Callao,32,315388,4465741.1,14.16,139554.41,352.0,sintetico
2023-02,2023,2,Tambo,Provincias,12,95523,1278376.24,13.38,106531.35,284.3,sintetico
2023-03,2023,3,Tambo,Lima Centro,82,1129229,17175057.05,15.21,209451.92,444.2,sintetico
2023-03,2023,3,Tambo,Lima Norte,102,1190706,16554333.99,13.9,162297.39,376.6,sintetico
2023-03,2023,3,Tambo,Lima Sur,73,779613,10472014.33,13.43,143452.25,344.5,sintetico
2023-03,2023,3,Tambo,Lima Este,90,1014093,14242966.82,14.05,158255.19,363.5,sintetico
2023-03,2023,3,Tambo,Callao,33,404054,5793409.2,14.34,175557.85,395.0,sintetico
2023-03,2023,3,Tambo,Provincias,13,129324,1704980.71,13.18,131152.36,320.9,sintetico
2023-04,2023,4,Tambo,Lima Centro,83,1041117,15536394.14,14.92,187185.47,418.1,sintetico
2023-04,2023,4,Tambo,Lima Norte,104,1135436,15280532.86,13.46,146928.2,363.9,sintetico
2023-04,2023,4,Tambo,Lima Sur,75,736006,9845929.37,13.38,131279.06,327.1,sintetico
2023-04,2023,4,Tambo,Lima Este,91,985377,13585998.24,13.79,149296.68,360.9,sintetico
2023-04,2023,4,Tambo,Callao,33,375320,5238851.4,13.96,158753.07,379.1,sintetico
2023-04,2023,4,Tambo,Provincias,14,130672,1691292.31,12.94,120806.59,311.1,sintetico
2023-05,2023,5,Tambo,Lima Centro,84,1153831,17180962.02,14.89,204535.26,443.1,sintetico
2023-05,2023,5,Tambo,Lima Norte,105,1284332,17210718.41,13.4,163911.6,394.6,sintetico
2023-05,2023,5,Tambo,Lima Sur,76,835127,10972378.9,13.14,144373.41,354.5,sintetico
2023-05,2023,5,Tambo,Lima Este,93,1147964,15626542.17,13.61,168027.34,398.2,sintetico
2023-05,2023,5,Tambo,Callao,34,440581,6178805.67,14.02,181729.58,418.0,sintetico
2023-05,2023,5,Tambo,Provincias,15,154964,2022393.97,13.05,134826.26,333.3,sintetico
2023-06,2023,6,Tambo,Lima Centro,85,1120926,16792853.32,14.98,197562.98,439.6,sintetico
2023-06,2023,6,Tambo,Lima Norte,107,1218974,16080296.34,13.19,150283.14,379.7,sintetico
2023-06,2023,6,Tambo,Lima Sur,77,785475,10131446.23,12.9,131577.22,340.0,sintetico
2023-06,2023,6,Tambo,Lima Este,94,1065724,14379093.33,13.49,152969.08,377.9,sintetico
2023-06,2023,6,Tambo,Callao,34,405021,5707728.52,14.09,167874.37,397.1,sintetico
2023-06,2023,6,Tambo,Provincias,16,155533,1981377.72,12.74,123836.11,324.0,sintetico
2023-07,2023,7,Tambo,Lima Centro,87,1216718,17958742.82,14.76,206422.33,451.1,sintetico
2023-07,2023,7,Tambo,Lima Norte,108,1324920,17982570.67,13.57,166505.28,395.7,sintetico
2023-07,2023,7,Tambo,Lima Sur,78,860749,11323371.62,13.16,145171.43,356.0,sintetico
2023-07,2023,7,Tambo,Lima Este,95,1160895,15929278.05,13.72,167676.61,394.2,sintetico
2023-07,2023,7,Tambo,Callao,35,454125,6334901.56,13.95,180997.19,418.5,sintetico
2023-07,2023,7,Tambo,Provincias,17,175915,2313381.08,13.15,136081.24,333.8,sintetico
2023-08,2023,8,Tambo,Lima Centro,88,1186328,18824140.58,15.87,213910.69,434.9,sintetico
2023-08,2023,8,Tambo,Lima Norte,110,1284744,18533681.68,14.43,168488.02,376.8,sintetico
2023-08,2023,8,Tambo,Lima Sur,79,829939,11376115.28,13.71,144001.46,338.9,sintetico
2023-08,2023,8,Tambo,Lima Este,97,1149343,16538850.88,14.39,170503.62,382.2,sintetico
2023-08,2023,8,Tambo,Callao,35,424305,6266924.59,14.77,179054.99,391.1,sintetico
2023-08,2023,8,Tambo,Provincias,18,180986,2471506.5,13.66,137305.92,324.3,sintetico
2023-09,2023,9,Tambo,Lima Centro,89,1211551,19301048.72,15.93,216865.72,453.8,sintetico
2023-09,2023,9,Tambo,Lima Norte,111,1280133,18053920.45,14.1,162647.93,384.4,sintetico
2023-09,2023,9,Tambo,Lima Sur,80,831458,11332690.75,13.63,141658.63,346.4,sintetico
2023-09,2023,9,Tambo,Lima Este,98,1165332,16928545.31,14.53,172740.26,396.4,sintetico
2023-09,2023,9,Tambo,Callao,36,446000,6685076.93,14.99,185696.58,413.0,sintetico
2023-09,2023,9,Tambo,Provincias,19,189875,2615540.94,13.78,137660.05,333.1,sintetico
2023-10,2023,10,Tambo,Lima Centro,90,1152096,17980232.44,15.61,199780.36,412.9,sintetico
2023-10,2023,10,Tambo,Lima Norte,113,1263009,17972500.06,14.23,159048.67,360.6,sintetico
2023-10,2023,10,Tambo,Lima Sur,81,813432,11273602.76,13.86,139180.28,323.9,sintetico
2023-10,2023,10,Tambo,Lima Este,100,1130228,16155798.6,14.29,161557.99,364.6,sintetico
2023-10,2023,10,Tambo,Callao,36,428046,6116726.12,14.29,169909.06,383.6,sintetico
2023-10,2023,10,Tambo,Provincias,20,191718,2598975.92,13.56,129948.8,309.2,sintetico
2023-11,2023,11,Tambo,Lima Centro,92,1228432,18528973.06,15.08,201401.88,445.1,sintetico
2023-11,2023,11,Tambo,Lima Norte,114,1315110,17718764.3,13.47,155427.76,384.5,sintetico
2023-11,2023,11,Tambo,Lima Sur,82,844045,11332259.86,13.43,138198.29,343.1,sintetico
2023-11,2023,11,Tambo,Lima Este,101,1170998,16255257.42,13.88,160943.14,386.5,sintetico
2023-11,2023,11,Tambo,Callao,37,444370,6156829.44,13.86,166400.8,400.3,sintetico
2023-11,2023,11,Tambo,Provincias,21,199002,2608378.89,13.11,124208.52,315.9,sintetico
2023-12,2023,12,Tambo,Lima Centro,93,1443650,23273105.39,16.12,250248.45,500.7,sintetico
2023-12,2023,12,Tambo,Lima Norte,116,1543094,21794149.49,14.12,187880.6,429.1,sintetico
2023-12,2023,12,Tambo,Lima Sur,83,996300,13796475.34,13.85,166222.59,387.2,sintetico
2023-12,2023,12,Tambo,Lima Este,102,1354558,19429032.78,14.34,190480.71,428.4,sintetico
2023-12,2023,12,Tambo,Callao,37,519840,7522278.01,14.47,203304.81,453.2,sintetico
2023-12,2023,12,Tambo,Provincias,22,252933,3409326.42,13.48,154969.38,370.9,sintetico
2024-01,2024,1,Tambo,Lima Centro,94,1361553,21039858.65,15.45,223828.28,467.2,sintetico
2024-01,2024,1,Tambo,Lima Norte,117,1435004,19937011.17,13.89,170401.8,395.6,sintetico
2024-01,2024,1,Tambo,Lima Sur,85,955693,13196693.24,13.81,155255.21,362.7,sintetico
2024-01,2024,1,Tambo,Lima Este,103,1303830,18508574.97,14.2,179694.9,408.3,sintetico
2024-01,2024,1,Tambo,Callao,38,502396,7247294.96,14.43,190718.29,426.5,sintetico
2024-01,2024,1,Tambo,Provincias,23,242329,3266984.62,13.48,142042.81,339.9,sintetico
2024-02,2024,2,Tambo,Lima Centro,95,1169508,16908135.71,14.46,177980.38,424.5,sintetico
2024-02,2024,2,Tambo,Lima Norte,119,1304784,17059004.51,13.07,143352.98,378.1,sintetico
2024-02,2024,2,Tambo,Lima Sur,86,847110,10931532.97,12.9,127110.85,339.7,sintetico
2024-02,2024,2,Tambo,Lima Este,105,1137974,14902254.72,13.1,141926.24,373.7,sintetico
2024-02,2024,2,Tambo,Callao,38,429874,5779306.87,13.44,152087.02,390.1,sintetico
2024-02,2024,2,Tambo,Provincias,24,222324,2788887.48,12.54,116203.65,319.4,sintetico
2024-03,2024,3,Tambo,Lima Centro,96,1269257,19886059.12,15.67,207146.45,426.5,sintetico
2024-03,2024,3,Tambo,Lima Norte,120,1392554,19777279.02,14.2,164810.66,374.3,sintetico
2024-03,2024,3,Tambo,Lima Sur,87,903486,12551548.89,13.89,144270.68,335.0,sintetico
2024-03,2024,3,Tambo,Lima Este,106,1245945,17782326.29,14.27,167757.8,379.2,sintetico
2024-03,2024,3,Tambo,Callao,39,475049,6801122.08,14.32,174387.75,392.9,sintetico
2024-03,2024,3,Tambo,Provincias,25,246078,3355680.97,13.64,134227.24,317.5,sintetico
2024-04,2024,4,Tambo,Lima Centro,98,1243596,19848796.06,15.96,202538.74,423.0,sintetico
2024-04,2024,4,Tambo,Lima Norte,122,1374948,19989976.62,14.54,163852.27,375.7,sintetico
2024-04,2024,4,Tambo,Lima Sur,88,893422,12445356.8,13.93,141424.51,338.4,sintetico
2024-04,2024,4,Tambo,Lima Este,107,1217412,17893437.4,14.7,167228.39,379.3,sintetico
2024-04,2024,4,Tambo,Callao,39,460952,7003021.99,15.19,179564.67,394.0,sintetico
2024-04,2024,4,Tambo,Provincias,26,246925,3547326.08,14.37,136435.62,316.6,sintetico
2024-05,2024,5,Tambo,Lima Centro,99,1383232,22311302.21,16.13,225366.69,450.7,sintetico
2024-05,2024,5,Tambo,Lima Norte,124,1529061,22432668.92,14.67,180908.62,397.8,sintetico
2024-05,2024,5,Tambo,Lima Sur,89,977732,13913277.37,14.23,156328.96,354.4,sintetico
2024-05,2024,5,Tambo,Lima Este,109,1337911,19401956.23,14.5,177999.6,395.9,sintetico
2024-05,2024,5,Tambo,Callao,39,500036,7410438.7,14.82,190011.25,413.6,sintetico
2024-05,2024,5,Tambo,Provincias,27,283542,3991701.63,14.08,147840.8,338.8,sintetico
2024-06,2024,6,Tambo,Lima Centro,100,1388941,21474946.58,15.46,214749.47,463.0,sintetico
2024-06,2024,6,Tambo,Lima Norte,125,1518211,21539330.86,14.19,172314.65,404.9,sintetico
2024-06,2024,6,Tambo,Lima Sur,90,988306,13541963.52,13.7,150466.26,366.0,sintetico
2024-06,2024,6,Tambo,Lima Este,110,1312444,18177326.88,13.85,165248.43,397.7,sintetico
2024-06,2024,6,Tambo,Callao,40,513823,7227230.39,14.07,180680.76,428.2,sintetico
2024-06,2024,6,Tambo,Provincias,28,283773,3844111.16,13.55,137289.68,337.8,sintetico
2024-07,2024,7,Tambo,Lima Centro,101,1453989,22823012.19,15.7,225970.42,464.4,sintetico
2024-07,2024,7,Tambo,Lima Norte,127,1557028,22077929.18,14.18,173841.96,395.5,sintetico
2024-07,2024,7,Tambo,Lima Sur,91,1025566,14495733.55,14.13,159293.78,363.5,sintetico
2024-07,2024,7,Tambo,Lima Este,111,1374412,19997261.55,14.55,180155.51,399.4,sintetico
2024-07,2024,7,Tambo,Callao,40,524923,7621589.42,14.52,190539.74,423.3,sintetico
2024-07,2024,7,Tambo,Provincias,30,319843,4399414.62,13.75,146647.15,343.9,sintetico
2024-08,2024,8,Tambo,Lima Centro,103,1399003,22089079.45,15.79,214457.08,438.1,sintetico
2024-08,2024,8,Tambo,Lima Norte,129,1533184,21577819.86,14.07,167269.92,383.4,sintetico
2024-08,2024,8,Tambo,Lima Sur,93,985320,13512900.44,13.71,145300.0,341.8,sintetico
2024-08,2024,8,Tambo,Lima Este,114,1360965,19084936.88,14.02,167411.73,385.1,sintetico
2024-08,2024,8,Tambo,Callao,41,510711,7414486.58,14.52,180841.14,401.8,sintetico
2024-08,2024,8,Tambo,Provincias,31,312089,4236862.29,13.58,136672.98,324.8,sintetico
2024-09,2024,9,Tambo,Lima Centro,105,1338528,21575520.29,16.12,205481.15,424.9,sintetico
2024-09,2024,9,Tambo,Lima Norte,132,1462444,21253306.1,14.53,161009.89,369.3,sintetico
2024-09,2024,9,Tambo,Lima Sur,95,952498,13263101.3,13.92,139611.59,334.2,sintetico
2024-09,2024,9,Tambo,Lima Este,116,1320778,19540563.01,14.79,168453.13,379.5,sintetico
2024-09,2024,9,Tambo,Callao,42,491770,7354120.06,14.95,175098.1,390.3,sintetico
2024-09,2024,9,Tambo,Provincias,32,306542,4257763.48,13.89,133055.11,319.3,sintetico
2024-10,2024,10,Tambo,Lima Centro,107,1446383,23132620.04,15.99,216192.71,436.1,sintetico
2024-10,2024,10,Tambo,Lima Norte,134,1568748,22262140.19,14.19,166135.37,377.6,sintetico
2024-10,2024,10,Tambo,Lima Sur,97,1026762,14358745.28,13.98,148028.3,341.5,sintetico
2024-10,2024,10,Tambo,Lima Este,118,1381851,19617083.76,14.2,166246.47,377.8,sintetico
2024-10,2024,10,Tambo,Callao,43,525627,7657781.32,14.57,178087.94,394.3,sintetico
2024-10,2024,10,Tambo,Provincias,34,334110,4558812.48,13.64,134082.72,317.0,sintetico
2024-11,2024,11,Tambo,Lima Centro,109,1547002,25362602.72,16.39,232684.43,473.1,sintetico
2024-11,2024,11,Tambo,Lima Norte,137,1671100,24344137.15,14.57,177694.43,406.6,sintetico
2024-11,2024,11,Tambo,Lima Sur,98,1082714,15586512.35,14.4,159046.04,368.3,sintetico
2024-11,2024,11,Tambo,Lima Este,120,1485570,21813303.76,14.68,181777.53,412.7,sintetico
2024-11,2024,11,Tambo,Callao,44,577300,8667642.46,15.01,196991.87,437.3,sintetico
2024-11,2024,11,Tambo,Provincias,36,373734,5458152.23,14.6,151615.34,346.1,sintetico
2024-12,2024,12,Tambo,Lima Centro,112,1730271,27349877.85,15.81,244195.34,498.3,sintetico
2024-12,2024,12,Tambo,Lima Norte,139,1910497,26537072.66,13.89,190914.19,443.4,sintetico
2024-12,2024,12,Tambo,Lima Sur,100,1218912,16863897.13,13.84,168638.97,393.2,sintetico
2024-12,2024,12,Tambo,Lima Este,123,1670629,23833790.86,14.27,193770.66,438.1,sintetico
2024-12,2024,12,Tambo,Callao,45,639436,9115971.68,14.26,202577.15,458.4,sintetico
2024-12,2024,12,Tambo,Provincias,37,423481,5839195.18,13.79,157816.09,369.2,sintetico
2025-01,2025,1,Tambo,Lima Centro,114,1455846,23575465.36,16.19,206802.33,412.0,sintetico
2025-01,2025,1,Tambo,Lima Norte,142,1587135,23076655.52,14.54,162511.66,360.5,sintetico
2025-01,2025,1,Tambo,Lima Sur,102,1013254,14252003.51,14.07,139725.52,320.4,sintetico
2025-01,2025,1,Tambo,Lima Este,125,1392126,20612204.66,14.81,164897.64,359.3,sintetico
2025-01,2025,1,Tambo,Callao,45,534972,7980163.99,14.92,177336.98,383.5,sintetico
2025-01,2025,1,Tambo,Provincias,39,374762,5251437.0,14.01,134652.23,310.0,sintetico
2025-02,2025,2,Tambo,Lima Centro,116,1362379,22761382.95,16.71,196218.82,419.5,sintetico
2025-02,2025,2,Tambo,Lima Norte,144,1476344,22153696.72,15.01,153845.12,366.2,sintetico
2025-02,2025,2,Tambo,Lima Sur,104,958565,13791660.93,14.39,132612.12,329.2,sintetico
2025-02,2025,2,Tambo,Lima Este,127,1314275,19358126.47,14.73,152426.19,369.6,sintetico
2025-02,2025,2,Tambo,Callao,46,494311,7548957.31,15.27,164107.77,383.8,sintetico
2025-02,2025,2,Tambo,Provincias,41,360087,5142550.94,14.28,125428.07,313.7,sintetico
2025-03,2025,3,Tambo,Lima Centro,118,1672471,26677865.88,15.95,226083.61,457.2,sintetico
2025-03,2025,3,Tambo,Lima Norte,147,1822300,26939398.11,14.78,183261.21,399.9,sintetico
2025-03,2025,3,Tambo,Lima Sur,106,1185357,16524322.97,13.94,155889.84,360.7,sintetico
2025-03,2025,3,Tambo,Lima Este,129,1592048,23017780.7,14.46,178432.41,398.1,sintetico
2025-03,2025,3,Tambo,Callao,47,603615,8877423.51,14.71,188881.35,414.3,sintetico
2025-03,2025,3,Tambo,Provincias,42,440528,6145492.92,13.95,146321.26,338.3,sintetico
2025-04,2025,4,Tambo,Lima Centro,120,1617862,26213202.37,16.2,218443.35,449.4,sintetico
2025-04,2025,4,Tambo,Lima Norte,149,1721694,25043300.46,14.55,168075.84,385.2,sintetico
2025-04,2025,4,Tambo,Lima Sur,108,1124880,16224428.79,14.42,150226.19,347.2,sintetico
2025-04,2025,4,Tambo,Lima Este,131,1539491,22617610.12,14.69,172653.51,391.7,sintetico
2025-04,2025,4,Tambo,Callao,48,584206,8901591.08,15.24,185449.81,405.7,sintetico
2025-04,2025,4,Tambo,Provincias,44,429624,6046588.28,14.07,137422.46,325.5,sintetico
2025-05,2025,5,Tambo,Lima Centro,122,1799538,29531845.12,16.41,242064.3,475.8,sintetico
2025-05,2025,5,Tambo,Lima Norte,153,1900030,28469682.0,14.98,186076.35,400.6,sintetico
2025-05,2025,5,Tambo,Lima Sur,110,1261751,18108835.8,14.35,164625.78,370.0,sintetico
2025-05,2025,5,Tambo,Lima Este,134,1684110,25166395.67,14.94,187808.92,405.4,sintetico
2025-05,2025,5,Tambo,Callao,49,666068,10009170.99,15.03,204268.8,438.5,sintetico
2025-05,2025,5,Tambo,Provincias,46,492374,7095685.3,14.41,154254.03,345.3,sintetico
2025-06,2025,6,Tambo,Lima Centro,125,1782696,29522338.44,16.56,236178.71,475.4,sintetico
2025-06,2025,6,Tambo,Lima Norte,156,1949057,29144139.2,14.95,186821.41,416.5,sintetico
2025-06,2025,6,Tambo,Lima Sur,113,1279038,18731575.0,14.65,165766.15,377.3,sintetico
2025-06,2025,6,Tambo,Lima Este,137,1695572,25035088.24,14.76,182737.87,412.5,sintetico
2025-06,2025,6,Tambo,Callao,50,661706,10105284.2,15.27,202105.68,441.1,sintetico
2025-06,2025,6,Tambo,Provincias,48,518157,7280894.4,14.05,151685.3,359.8,sintetico
2025-07,2025,7,Tambo,Lima Centro,128,1906674,31225143.28,16.38,243946.43,480.5,sintetico
2025-07,2025,7,Tambo,Lima Norte,159,2023177,28738015.84,14.2,180742.24,410.5,sintetico
2025-07,2025,7,Tambo,Lima Sur,115,1346403,19577671.85,14.54,170240.62,377.7,sintetico
2025-07,2025,7,Tambo,Lima Este,140,1814967,27058180.44,14.91,193272.72,418.2,sintetico
2025-07,2025,7,Tambo,Callao,51,690409,10575082.5,15.32,207354.56,436.7,sintetico
2025-07,2025,7,Tambo,Provincias,50,545333,7708117.29,14.13,154162.35,351.8,sintetico
2025-08,2025,8,Tambo,Lima Centro,130,1753645,28326653.51,16.15,217897.33,435.1,sintetico
2025-08,2025,8,Tambo,Lima Norte,162,1922436,27986632.31,14.56,172756.99,382.8,sintetico
2025-08,2025,8,Tambo,Lima Sur,117,1239731,17745130.17,14.31,151667.78,341.8,sintetico
2025-08,2025,8,Tambo,Lima Este,143,1745894,25636036.15,14.68,179272.98,393.8,sintetico
2025-08,2025,8,Tambo,Callao,52,645771,9558514.71,14.8,183817.59,400.6,sintetico
2025-08,2025,8,Tambo,Provincias,53,539739,7589932.27,14.06,143206.27,328.5,sintetico
