KeyEmpleado,NombreCompleto,Cargo,Sucursal
1,Renzo Morales Domínguez,Administrador General,KUSI - Sede Legal / Oficina Administrativa
2,Johana Cruz Huamán,Analista de Datos,KUSI - Sede Legal / Oficina Administrativa
3,Yolanda Gonzales Sánchez,Jefe de Operaciones,KUSI MINIMARKET - Vía de Evitamiento Norte
4,Gabriela Puga Ríos,Supervisor de Tienda,KUSI MINIMARKET - Vía de Evitamiento Norte
5,Valeria Salazar Gonzales,Supervisor de Tienda,KUSI MINIMARKET - Hoyos Rubio
6,Antonio Mendoza Guerrero,Supervisor de Tienda,KUSI MINIMARKET - Amalia Puga
7,Juana Sánchez Guerrero,Supervisor de Tienda,KUSI MINIMARKET - Del Comercio
8,César Campos Fernández,Cajero,KUSI MINIMARKET - Vía de Evitamiento Norte
9,Marco Reyes Tello,Cajero,KUSI MINIMARKET - Vía de Evitamiento Norte
10,Lucía Puga Puga,Cajero,KUSI MINIMARKET - Vía de Evitamiento Norte
11,Bruno Medina Ramos,Cajero,KUSI MINIMARKET - Vía de Evitamiento Norte
12,Nancy Cárdenas Becerra,Cajero,KUSI MINIMARKET - Hoyos Rubio
13,Miguel Ibañez López,Cajero,KUSI MINIMARKET - Hoyos Rubio
14,Daniela Castro Vargas,Cajero,KUSI MINIMARKET - Hoyos Rubio
15,José Fernández Jiménez,Cajero,KUSI MINIMARKET - Amalia Puga
16,Miguel Domínguez Contreras,Cajero,KUSI MINIMARKET - Amalia Puga
17,Karin Domínguez Reyes,Cajero,KUSI MINIMARKET - Amalia Puga
18,Miguel Díaz Torres,Cajero,KUSI MINIMARKET - Del Comercio
19,Valeria Puga García,Cajero,KUSI MINIMARKET - Del Comercio
20,Fernando Flores Fernández,Cajero,KUSI MINIMARKET - Del Comercio
21,Miguel Flores Medina,Almacenero,KUSI MINIMARKET - Vía de Evitamiento Norte
22,María Herrera Campos,Almacenero,KUSI MINIMARKET - Hoyos Rubio
23,Juana Jiménez Domínguez,Almacenero,KUSI MINIMARKET - Amalia Puga
24,Lucía Guerrero Campos,Almacenero,KUSI MINIMARKET - Del Comercio
25,María Vásquez,Supervisor de Tienda,KUSI MINIMARKET - San Sebastián
26,Rosa Mendoza,Cajero,KUSI MINIMARKET - San Sebastián
27,Lucía Huamán,Cajero,KUSI MINIMARKET - San Sebastián
28,Andrea Pérez,Almacenero,KUSI MINIMARKET - San Sebastián
29,Lucía Huamán,Supervisor de Tienda,KUSI MINIMARKET - Silva Santisteban
30,Andrea Pérez,Cajero,KUSI MINIMARKET - Silva Santisteban
31,Valeria Salazar,Cajero,KUSI MINIMARKET - Silva Santisteban
32,Camila Torres,Almacenero,KUSI MINIMARKET - Silva Santisteban
33,Valeria Salazar,Supervisor de Tienda,KUSI MINIMARKET - San Roque
34,Camila Torres,Cajero,KUSI MINIMARKET - San Roque
35,María Vásquez,Cajero,KUSI MINIMARKET - San Roque
36,Rosa Mendoza,Almacenero,KUSI MINIMARKET - San Roque
