periodo,anio,mes,empresa,formato,tiendas_activas,transacciones,ventas_soles,ticket_promedio,ventas_por_tienda,transacciones_por_tienda_dia,origen_tiendas,origen_ventas
2023-01,2023,1,Tottus,Supermercado,56,3431292,313241967.24,91.29,5593606.56,1976.6,supuesto_e_interpolado,sintetico
2023-02,2023,2,Tottus,Supermercado,56,2688690,238443037.92,88.68,4257911.39,1714.7,supuesto_e_interpolado,sintetico
2023-03,2023,3,Tottus,Supermercado,56,3504497,314700859.72,89.8,5619658.21,2018.7,supuesto_e_interpolado,sintetico
2023-04,2023,4,Tottus,Supermercado,56,3321343,297981804.61,89.72,5321103.65,1977.0,supuesto_e_interpolado,sintetico
2023-05,2023,5,Tottus,Supermercado,56,3699357,345110689.33,93.29,6162690.88,2131.0,supuesto_e_interpolado,sintetico
2023-06,2023,6,Tottus,Supermercado,56,3632309,327509040.79,90.17,5848375.73,2162.1,supuesto_e_interpolado,sintetico
2023-07,2023,7,Tottus,Supermercado,56,3684090,336488946.15,91.34,6008731.18,2122.2,supuesto_e_interpolado,sintetico
2023-08,2023,8,Tottus,Supermercado,56,3344041,293781096.25,87.85,5246091.0,1926.3,supuesto_e_interpolado,sintetico
2023-09,2023,9,Tottus,Supermercado,56,3358133,294937982.02,87.83,5266749.68,1998.9,supuesto_e_interpolado,sintetico
2023-10,2023,10,Tottus,Supermercado,57,3543824,332504241.88,93.83,5833407.75,2005.6,supuesto_e_interpolado,sintetico
2023-11,2023,11,Tottus,Supermercado,57,3653768,329519500.14,90.19,5781043.86,2136.7,supuesto_e_interpolado,sintetico
2023-12,2023,12,Tottus,Supermercado,57,4300479,399088641.95,92.8,7001555.12,2433.8,supuesto_e_interpolado,sintetico
2024-01,2024,1,Tottus,Supermercado,57,3677376,349853864.3,95.14,6137787.09,2081.1,supuesto_e_interpolado,sintetico
2024-02,2024,2,Tottus,Supermercado,57,3099800,289874256.46,93.51,5085513.27,1875.3,supuesto_e_interpolado,sintetico
2024-03,2024,3,Tottus,Supermercado,57,3405814,326088489.62,95.74,5720850.7,1927.5,supuesto_e_interpolado,sintetico
2024-04,2024,4,Tottus,Supermercado,57,3574447,335265323.63,93.8,5881847.78,2090.3,supuesto_e_interpolado,sintetico
2024-05,2024,5,Tottus,Supermercado,57,3762384,357711213.9,95.08,6275635.33,2129.2,supuesto_e_interpolado,sintetico
2024-06,2024,6,Tottus,Supermercado,57,3528933,334369444.72,94.75,5866130.61,2063.7,supuesto_e_interpolado,sintetico
2024-07,2024,7,Tottus,Supermercado,57,4009925,374373964.04,93.36,6567964.28,2269.3,supuesto_e_interpolado,sintetico
2024-08,2024,8,Tottus,Supermercado,57,3609882,336967222.34,93.35,5911705.66,2042.9,supuesto_e_interpolado,sintetico
2024-09,2024,9,Tottus,Supermercado,57,3323484,313605564.66,94.36,5501852.01,1943.6,supuesto_e_interpolado,sintetico
2024-10,2024,10,Tottus,Supermercado,57,3570664,346490916.58,97.04,6078788.01,2020.7,supuesto_e_interpolado,sintetico
2024-11,2024,11,Tottus,Supermercado,57,3654344,345086729.48,94.43,6054153.15,2137.0,supuesto_e_interpolado,sintetico
2024-12,2024,12,Tottus,Supermercado,57,4301550,413225441.4,96.06,7249569.15,2434.4,supuesto_e_interpolado,sintetico
2025-01,2025,1,Tottus,Supermercado,57,3596878,342720091.37,95.28,6012633.18,2035.6,supuesto_e_interpolado,sintetico
2025-02,2025,2,Tottus,Supermercado,57,2805687,265924775.69,94.78,4665346.94,1757.9,supuesto_e_interpolado,sintetico
2025-03,2025,3,Tottus,Supermercado,57,3407090,330475746.01,97.0,5797820.11,1928.2,supuesto_e_interpolado,sintetico
2025-04,2025,4,Tottus,Supermercado,58,3640296,360705496.41,99.09,6219060.28,2092.1,supuesto_e_interpolado,sintetico
2025-05,2025,5,Tottus,Supermercado,58,3989920,382283484.65,95.81,6591094.56,2219.1,supuesto_e_interpolado,sintetico
2025-06,2025,6,Tottus,Supermercado,58,3491483,335614414.38,96.12,5786455.42,2006.6,supuesto_e_interpolado,sintetico
2025-07,2025,7,Tottus,Supermercado,58,3706548,357633357.77,96.49,6166092.38,2061.5,supuesto_e_interpolado,sintetico
2025-08,2025,8,Tottus,Supermercado,58,3832898,384881780.12,100.42,6635892.76,2131.8,supuesto_e_interpolado,sintetico
