fecha,nombre,origen
2023-01-01,Año Nuevo,referencial
2023-04-06,Jueves/Viernes Santo,referencial
2023-04-07,Jueves/Viernes Santo,referencial
2023-05-01,Día del Trabajo,referencial
2023-06-29,San Pedro y San Pablo,referencial
2023-07-28,Fiestas Patrias,referencial
2023-07-29,Fiestas Patrias,referencial
2023-08-30,Santa Rosa de Lima,referencial
2023-10-08,Combate de Angamos,referencial
2023-11-01,Todos los Santos,referencial
2023-12-08,Inmaculada Concepción,referencial
2023-12-25,Navidad,referencial
2024-01-01,Año Nuevo,referencial
2024-03-28,Jueves/Viernes Santo,referencial
2024-03-29,Jueves/Viernes Santo,referencial
2024-05-01,Día del Trabajo,referencial
2024-06-29,San Pedro y San Pablo,referencial
2024-07-28,Fiestas Patrias,referencial
2024-07-29,Fiestas Patrias,referencial
2024-08-30,Santa Rosa de Lima,referencial
2024-10-08,Combate de Angamos,referencial
2024-11-01,Todos los Santos,referencial
2024-12-08,Inmaculada Concepción,referencial
2024-12-25,Navidad,referencial
2025-01-01,Año Nuevo,referencial
2025-04-17,Jueves/Viernes Santo,referencial
2025-04-18,Jueves/Viernes Santo,referencial
2025-05-01,Día del Trabajo,referencial
2025-06-29,San Pedro y San Pablo,referencial
2025-07-28,Fiestas Patrias,referencial
2025-07-29,Fiestas Patrias,referencial
2025-08-30,Santa Rosa de Lima,referencial
2025-10-08,Combate de Angamos,referencial
2025-11-01,Todos los Santos,referencial
2025-12-08,Inmaculada Concepción,referencial
2025-12-25,Navidad,referencial
