empresa,parametro,valor,tipo
Tambo,transacciones_por_tienda_dia_base,380,supuesto
Tambo,ticket_promedio_base_soles,14.0,supuesto
Tambo,amplitud_estacional,0.8,supuesto
Mass,transacciones_por_tienda_dia_base,450,supuesto
Mass,ticket_promedio_base_soles,30.0,supuesto
Mass,amplitud_estacional,1.0,supuesto
Tottus,transacciones_por_tienda_dia_base,2000,supuesto
Tottus,ticket_promedio_base_soles,90.0,supuesto
Tottus,amplitud_estacional,1.3,supuesto
todas,crecimiento_mensual_transacciones,0.0015,supuesto
todas,inflacion_mensual_ticket,0.0025,supuesto
todas,ruido_transacciones_desv,0.03,supuesto
todas,ruido_ticket_desv,0.02,supuesto
todas,semilla_aleatoria,2026,tecnico
Tambo,tiendas_ene_2023,380,supuesto
Mass,tiendas_ene_2023,450,supuesto
Tottus,tiendas_ene_2023,56,supuesto
