NombreSucursal,tipo_evento,dias_evento,variacion_pct
KUSI MINIMARKET - Amalia Puga,Feriado nacional,32,6.2
KUSI MINIMARKET - Amalia Puga,Festividad local,154,2.1
KUSI MINIMARKET - Del Comercio,Feriado nacional,32,4.3
KUSI MINIMARKET - Del Comercio,Festividad local,154,1.8
KUSI MINIMARKET - Hoyos Rubio,Feriado nacional,32,-0.8
KUSI MINIMARKET - Hoyos Rubio,Festividad local,154,3.4
KUSI MINIMARKET - San Roque,Feriado nacional,32,-2.7
KUSI MINIMARKET - San Roque,Festividad local,154,2.7
KUSI MINIMARKET - San Sebastián,Feriado nacional,32,-1.1
KUSI MINIMARKET - San Sebastián,Festividad local,154,1.8
KUSI MINIMARKET - Silva Santisteban,Feriado nacional,32,9.6
KUSI MINIMARKET - Silva Santisteban,Festividad local,154,1.2
KUSI MINIMARKET - Vía de Evitamiento Norte,Feriado nacional,32,6.3
KUSI MINIMARKET - Vía de Evitamiento Norte,Festividad local,154,0.0
