temporada,NombreProducto,venta,indice
Lluviosa,Bolsas basura Suavitel 20u,4837.54,99.6
Lluviosa,Shampoo Nivea 200ml,4424.97,96.7
Lluviosa,Crema de leche Braedt 200ml,5710.12,102.7
Lluviosa,Jamón Laive 200g,3781.12,94.4
Lluviosa,Mantequilla Sancor 100g,6819.24,99.8
Lluviosa,Aceite Vegetal Paisana 900ml,4344.84,91.1
Lluviosa,Fideos Spaghetti Gloria 1kg,3914.4,102.3
Lluviosa,Isotónica Volt 750ml,6349.83,102.3
Lluviosa,Pan de molde Field 500g,4407.15,96.7
Lluviosa,Chocolate para taza Florida 100g,4160.91,104.5
Lluviosa,Arroz Extra Alicorp 1kg,5975.73,98.9
Lluviosa,Mayonesa Don Vittorio 500g,3876.12,103.7
Seca,Leche evaporada Alicorp Pack 6,5094.44,102.4
Seca,Isotónica Pulp 750ml,6674.58,103.8
Seca,Energizante Red Bull 355ml,5417.88,99.1
Seca,Desodorante Dove 150ml,4259.96,100.8
Seca,Crema de leche Braedt 200ml,5689.66,98.2
Seca,Pasta dental Head & Shoulders 100ml,4034.88,97.9
Seca,Jabón tocador Nivea 90g,3808.86,100.5
Seca,Gel cabello Colgate 150g,4646.12,101.1
Seca,Atún Florida Pack 3x170g,4248.09,101.9
Seca,Azúcar Rubia Don Vittorio 2kg,5992.44,100.1
Seca,Mayonesa Molitalia 500g,12820.29,96.6
Seca,Escoba Sapolio unidad,4644.03,94.3
Seca,Pilas Virutex 2u,4336.62,100.3
Seca,Harina Molitalia 1kg,5268.98,101.3
Seca,Helado familiar D’Onofrio 2L,5142.52,96.9
Seca,Fideos Spaghetti Gloria 1kg,3913.98,98.2
Seca,Acondicionador Head & Shoulders 200ml,4577.28,105.3
Seca,Aceite Vegetal Paisana 900ml,5285.25,106.4
Transición,Frejol Florida 1kg,1934.23,106.5
Transición,Papel higiénico Nosotras 4rollos,1324.23,100.6
Transición,Cancha Mogul 100g,1115.81,92.7
Transición,Lavavajilla Ayudín 1L,3116.87,107.9
Transición,Bebida láctea Frugos 300ml,1106.95,99.6
Transición,Shampoo Rexona 200ml,1340.7,106.1
Transición,Acondicionador Rexona 200ml,2144.88,95.3
Transición,Acondicionador Head & Shoulders 200ml,1037.04,88.4
Transición,Croissant San Jorge unidad,1039.32,91.8
Transición,Postre refrigerado Braedt unidad,1291.08,101.8
Transición,Foco LED Tigre 9W,2437.35,96.6
Transición,Atún Nicolini Pack 3x170g,2127.09,95.2
Transición,Acondicionador Colgate 200ml,1235.52,92.9
Transición,Acondicionador Nivea 200ml,1127.7,88.7
Lluviosa,Crema corporal Colgate 200ml,6562.81,98.8
Lluviosa,Lavavajilla Ayudín 1L,10102.68,98.3
Lluviosa,Nuggets Artika 500g,9445.07,102.6
Lluviosa,Papel higiénico Nosotras 4rollos,4937.65,105.4
Lluviosa,Escoba Ayudín unidad,5177.2,97.9
Lluviosa,Queso Danlac 250g,4249.7,101.9
Lluviosa,Crema de leche Gloria 200ml,5366.27,97.7
Lluviosa,Pilas Virutex 2u,4176.86,100.6
Lluviosa,Postre refrigerado Braedt unidad,4448.52,98.5
Lluviosa,Café instantáneo Molitalia 100g,5719.59,98.2
Seca,Cancha Mogul 100g,4590.95,102.9
Seca,Bebida láctea San Luis 300ml,4028.42,101.4
Seca,Isotónica Volt 750ml,6515.08,100.7
Seca,Desinfectante Pino 500ml,5336.99,94.8
Seca,Crema de leche Gloria 200ml,5861.82,102.5
Seca,Shampoo Head & Shoulders 200ml,4017.93,104.1
Seca,Postre refrigerado Laive unidad,6368.06,96.9
Seca,Té listo Sporade 300ml,3830.73,101.0
Seca,Trapeador Clorox unidad,3984.54,97.1
Seca,Mayonesa Paisana 500g,3785.12,100.1
Transición,Crema de leche Braedt 200ml,1519.92,97.2
Transición,Limpiador pisos Clorox 1L,1761.94,111.1
Transición,Trapeador Clorox unidad,1276.24,115.3
Transición,Pan de molde Field 500g,1332.99,104.0
Transición,Gel cabello Colgate 150g,1162.03,93.7
Transición,Fideos Spaghetti Gloria 1kg,1059.22,98.5
Transición,Mayonesa Don Vittorio 500g,937.02,89.2
Transición,Gel cabello Nosotras 150g,1399.26,106.5
Transición,Mayonesa Paisana 500g,1032.83,101.2
Transición,Avena Primor 500g,1465.4,104.8
Lluviosa,Bebida láctea Frugos 300ml,3890.53,98.4
Lluviosa,Jamón Danlac 500g,4317.32,94.3
Lluviosa,Helado familiar D’Onofrio 2L,5110.3,100.3
Lluviosa,Detergente Opal 500g,4128.0,101.9
Lluviosa,Atún Florida Pack 3x170g,3818.99,95.4
Lluviosa,Atún Molitalia Pack 3x170g,4075.5,96.7
Lluviosa,Desodorante Dove 150ml,4035.16,99.5
Lluviosa,Jamón Sancor 500g,4125.92,98.0
Lluviosa,Postre refrigerado Laive unidad,6559.5,103.9
Lluviosa,Aceite Vegetal Florida 900ml,5039.56,99.5
Lluviosa,Detergente Opal 1kg,4176.56,106.3
Lluviosa,Chocolate para taza Paisana 100g,4138.2,100.4
Lluviosa,Frejol Florida 1kg,6555.4,101.4
Lluviosa,Acondicionador Nivea 200ml,4773.93,105.5
Seca,Shampoo Rexona 200ml,4797.0,102.4
Seca,Aceite Vegetal Florida 900ml,5306.7,100.5
Seca,Bolsas basura Ace 20u,4488.06,97.2
Seca,Chocolate para taza Laive 100g,3965.38,93.7
Seca,Trapeador Suavitel unidad,14103.72,100.1
Seca,Aceite Vegetal Costeño 900ml,5133.15,101.4
Seca,Trapeador Opal unidad,5313.35,99.2
Seca,Arroz Extra Alicorp 1kg,6401.71,101.7
Seca,Cinta adhesiva Rayovac unidad,6020.73,99.8
Seca,Frejol Florida 1kg,6518.92,96.9
Seca,Acondicionador Nivea 200ml,4611.04,97.8
Seca,Chocolate para taza Primor 100g,4198.79,102.4
Seca,Shampoo Nivea 200ml,4778.48,100.2
Transición,Café listo Volt 330ml,1502.8,106.1
Transición,Té listo Sporade 300ml,1021.35,99.8
Transición,Shampoo Nivea 200ml,1426.23,110.9
Transición,Pan de molde Bimbo 500g,1667.84,93.3
Transición,Vick Ibuprofeno genérico 50g,1429.77,92.1
Transición,Mantequilla Gloria 200g,1778.18,93.5
Transición,Cinta adhesiva Rayovac unidad,1544.78,94.9
Transición,Suavizante Ace 2L,2177.73,104.1
Transición,Pasta dental Head & Shoulders 100ml,1060.3,95.3
Transición,Bebida láctea San Luis 300ml,1137.88,106.1
Transición,Escoba Opal unidad,1505.79,115.8
Transición,Café instantáneo Don Vittorio 100g,2930.89,99.9
Transición,Detergente Opal 500g,1017.6,89.4
Transición,Acondicionador Pantene 200ml,1293.81,101.7
Transición,Foco LED Rayovac 9W,1117.52,88.6
Transición,Hamburguesa congelada Lamborgini pack 4,3021.96,111.2
Transición,Jamón Gloria 200g,1175.2,102.1
Lluviosa,Pan de molde Bimbo 500g,6409.42,100.8
Lluviosa,Acondicionador Head & Shoulders 200ml,4076.64,97.7
Lluviosa,Té listo Sporade 300ml,3606.13,99.0
Lluviosa,Mayonesa Paisana 500g,3617.79,99.6
Lluviosa,Acondicionador Rexona 200ml,7971.98,99.5
Lluviosa,Pasta dental Head & Shoulders 100ml,4095.79,103.5
Lluviosa,Azúcar Rubia Don Vittorio 2kg,5683.96,98.9
Lluviosa,Suavizante Opal 2L,4026.47,101.8
Lluviosa,Escoba Opal unidad,4686.66,101.3
Lluviosa,Foco LED Rayovac 9W,4470.08,99.6
Seca,Jamón Sancor 500g,4442.64,101.3
Seca,Crema corporal Colgate 200ml,6964.61,100.7
Seca,Jamón Danlac 500g,4997.57,104.7
Seca,Chocolate para taza Don Vittorio 100g,4261.14,99.7
Seca,Papel higiénico Nosotras 4rollos,4616.12,94.6
Seca,Pan de molde Bimbo 500g,6691.62,101.0
Transición,Café instantáneo Paisana 100g,3293.3,102.7
Transición,Empanada KUSI unidad,1183.05,104.5
Transición,Suavizante Ayudín 2L,921.6,89.6
Transición,Mayonesa Molitalia 500g,3793.79,106.0
Transición,Isotónica Volt 750ml,1555.44,89.1
Transición,Queque Field unidad,1166.69,92.0
Transición,Shampoo Head & Shoulders 200ml,1090.74,104.8
Transición,Leche evaporada Alicorp Pack 6,1351.66,100.7
Transición,Atún Florida Pack 3x170g,1232.13,109.5
Transición,Aceite Vegetal Florida 900ml,1422.34,99.9
Transición,Chocolate para taza Paisana 100g,1113.2,96.1
Lluviosa,Pasta dental Pantene 100ml,3663.95,98.8
Lluviosa,Mayonesa Molitalia 500g,12976.23,101.9
Lluviosa,Queso Laive 500g,8392.16,101.0
Lluviosa,Shampoo Head & Shoulders 200ml,3494.82,94.3
Lluviosa,Cancha Mogul 100g,4242.77,99.0
Lluviosa,Aceite Vegetal Costeño 900ml,4773.6,98.3
Lluviosa,Jabón tocador Nivea 90g,3691.86,101.4
Lluviosa,Queso Sancor 250g,7977.91,97.3
Lluviosa,Isotónica Pulp 750ml,5922.5,95.9
Lluviosa,Gel cabello Nosotras 150g,4466.28,95.6
Lluviosa,Jamón Gloria 200g,4384.4,107.1
Seca,Croissant San Jorge unidad,4271.86,101.8
Seca,Pan de molde KUSI 500g,4368.93,99.8
Seca,Foco LED Tigre 9W,9505.14,101.6
Seca,Vick Ibuprofeno genérico 50g,5852.5,101.7
Seca,Desodorante Rexona 150ml,8013.72,104.4
Seca,Jamón Laive 200g,4346.6,104.2
Seca,Postre refrigerado Braedt unidad,4745.12,100.9
Seca,Detergente Opal 500g,4262.4,101.0
Seca,Shampoo Dove 200ml,4728.27,108.2
Seca,Acondicionador Pantene 200ml,4496.31,95.3
Transición,Isotónica Pulp 750ml,1745.34,100.6
Transición,Energizante Red Bull 355ml,1469.8,99.7
Transición,Pilas Virutex 2u,1127.52,96.7
Transición,Trapeador Suavitel unidad,3707.11,97.5
Transición,Bolsas basura Suavitel 20u,1257.58,92.2
Transición,Desinfectante Pino 500ml,1522.41,100.2
Transición,Atún Molitalia Pack 3x170g,1128.6,95.3
Transición,Chocolate para taza Don Vittorio 100g,1110.81,96.3
Transición,Helado familiar D’Onofrio 2L,1586.6,110.8
Transición,Azúcar Rubia Don Vittorio 2kg,1672.92,103.6
Transición,Desodorante Rexona 150ml,2020.56,97.6
Transición,Nuggets Artika 500g,2660.86,102.8
Transición,Queso Laive 500g,2419.76,103.6
Transición,Chocolate para taza Laive 100g,1251.91,109.6
Transición,Mantequilla Sancor 100g,1828.27,95.2
Transición,Leche Braedt 1L,1187.04,106.3
Transición,Shampoo Dove 200ml,905.16,76.8
Lluviosa,Energizante Red Bull 355ml,5301.28,101.0
Lluviosa,Trapeador Opal unidad,5001.74,97.3
Lluviosa,Queque Field unidad,4514.42,100.1
Lluviosa,Cinta adhesiva Rayovac unidad,5885.96,101.6
Lluviosa,Limpiador pisos Clorox 1L,5590.55,99.1
Lluviosa,Trapeador Suavitel unidad,13604.4,100.6
Lluviosa,Harina Molitalia 1kg,4969.65,99.5
Lluviosa,Acondicionador Colgate 200ml,5049.0,106.7
Lluviosa,Mantequilla Gloria 200g,6888.12,101.8
Lluviosa,Empanada KUSI unidad,4124.26,102.4
Lluviosa,Bebida láctea San Luis 300ml,3695.2,96.9
Lluviosa,Atún Nicolini Pack 3x170g,7884.59,99.2
Lluviosa,Vick Ibuprofeno genérico 50g,5544.42,100.4
Lluviosa,Suavizante Ayudín 2L,3750.4,102.5
Lluviosa,Chocolate para taza Laive 100g,4222.95,103.9
Lluviosa,Café instantáneo Paisana 100g,11512.52,100.9
Seca,Detergente Opal 1kg,4023.84,98.3
Seca,Café listo Volt 330ml,5308.88,101.2
Seca,Queso Laive 500g,8486.45,98.1
Seca,Gel cabello Nosotras 150g,4990.88,102.5
Seca,Bebida láctea Frugos 300ml,4186.93,101.7
Seca,Pasta dental Pantene 100ml,4043.54,104.7
Seca,Mantequilla Gloria 200g,7050.63,100.0
Seca,Jamón Sancor 200g,4189.23,104.0
Seca,Leche Braedt 1L,4172.19,100.8
Seca,Atún Nicolini Pack 3x170g,8446.71,102.0
Seca,Bolsas basura Suavitel 20u,5182.85,102.5
Seca,Nuggets Artika 500g,9275.87,96.7
Seca,Escoba Opal unidad,4553.01,94.5
Transición,Postre refrigerado Laive unidad,1730.36,97.6
Transición,Escoba Ayudín unidad,1419.0,95.5
Transición,Escoba Ace unidad,3348.1,111.1
Transición,Crema de leche Gloria 200ml,1528.1,99.0
Transición,Pan de molde KUSI 500g,1126.04,95.4
Transición,Desodorante Dove 150ml,1124.0,98.6
Transición,Jamón Sancor 200g,1177.47,108.4
Transición,Arroz Extra Alicorp 1kg,1658.2,97.6
Transición,Shampoo Colgate 200ml,2393.4,105.4
Transición,Pasta dental Pantene 100ml,904.45,86.8
Transición,Chocolate para taza Primor 100g,1012.15,91.5
Transición,Aceite Vegetal Costeño 900ml,1377.0,100.9
Transición,Jamón Danlac 500g,1324.22,102.9
Transición,Detergente Opal 1kg,929.6,84.1
Transición,Suavizante Opal 2L,1133.93,102.0
Lluviosa,Leche Braedt 1L,3868.03,97.4
Lluviosa,Escoba Ace unidad,10946.67,102.1
Lluviosa,Escoba Sapolio unidad,4873.26,103.0
Lluviosa,Foco LED Tigre 9W,8914.23,99.3
Lluviosa,Croissant San Jorge unidad,4048.48,100.5
Lluviosa,Shampoo Colgate 200ml,8034.01,99.4
Lluviosa,Avena Primor 500g,5034.0,101.2
Lluviosa,Acondicionador Pantene 200ml,4726.89,104.4
Lluviosa,Pan de molde KUSI 500g,4264.76,101.5
Lluviosa,Gel cabello Colgate 150g,4436.17,100.6
Lluviosa,Chocolate para taza Primor 100g,3931.06,99.9
Lluviosa,Aceite Vegetal Nicolini 900ml,9150.4,104.9
Lluviosa,Shampoo Rexona 200ml,4305.0,95.8
Lluviosa,Desinfectante Pino 500ml,5695.89,105.4
Lluviosa,Bolsas basura Ace 20u,4515.57,101.9
Lluviosa,Chocolate para taza Don Vittorio 100g,4157.95,101.3
Seca,Hamburguesa congelada Lamborgini pack 4,9792.43,97.2
Seca,Mantequilla Sancor 100g,7216.58,101.4
Seca,Suavizante Ayudín 2L,3827.2,100.4
Seca,Mayonesa Don Vittorio 500g,3870.3,99.4
Seca,Escoba Ace unidad,10615.63,95.0
Seca,Jamón Gloria 200g,3950.48,92.6
Seca,Queque Field unidad,4798.51,102.1
Seca,Escoba Ayudín unidad,5684.6,103.2
Seca,Acondicionador Rexona 200ml,8492.25,101.8
Seca,Lavavajilla Ayudín 1L,10649.14,99.5
Seca,Limpiador pisos Clorox 1L,5754.88,97.9
Seca,Queso Sancor 250g,8827.83,103.4
Seca,Queso Danlac 250g,4331.6,99.8
Seca,Suavizante Ace 2L,7589.28,97.9
Seca,Acondicionador Colgate 200ml,4704.48,95.5
Seca,Jamón Bonlé 500g,4584.3,103.3
Seca,Atún Molitalia Pack 3x170g,4582.8,104.4
Seca,Pan de molde Field 500g,4847.85,102.1
Seca,Aceite Vegetal Nicolini 900ml,8587.44,94.5
Transición,Café listo Pulp 330ml,1326.36,100.5
Transición,Jabón tocador Nivea 90g,952.89,93.2
Transición,Queso Sancor 250g,2236.84,97.1
Transición,Trapeador Opal unidad,1629.96,112.8
Transición,Jamón Laive 200g,1173.16,104.2
Transición,Jamón Sancor 500g,1206.96,102.0
Lluviosa,Suavizante Ace 2L,7522.89,101.1
Lluviosa,Hamburguesa congelada Lamborgini pack 4,9645.62,99.7
Lluviosa,Café instantáneo Don Vittorio 100g,10362.01,99.2
Lluviosa,Desodorante Rexona 150ml,7076.45,96.1
Lluviosa,Café listo Volt 330ml,4890.0,97.1
Lluviosa,Jamón Bonlé 500g,4274.55,100.3
Lluviosa,Trapeador Clorox unidad,3888.08,98.7
Lluviosa,Jamón Sancor 200g,3612.51,93.4
Lluviosa,Café listo Pulp 330ml,4545.72,96.8
Lluviosa,Leche evaporada Alicorp Pack 6,4651.34,97.4
Lluviosa,Shampoo Dove 200ml,4108.95,98.0
Seca,Café listo Pulp 330ml,5037.78,103.0
Seca,Café instantáneo Paisana 100g,11695.42,98.4
Seca,Empanada KUSI unidad,4044.75,96.4
Seca,Café instantáneo Don Vittorio 100g,10959.07,100.8
Seca,Chocolate para taza Florida 100g,4092.81,98.7
Seca,Avena Primor 500g,5051.59,97.5
Seca,Shampoo Colgate 200ml,8347.56,99.1
Seca,Foco LED Rayovac 9W,4836.48,103.5
Seca,Chocolate para taza Paisana 100g,4319.7,100.6
Seca,Café instantáneo Molitalia 100g,6127.47,101.0
Seca,Suavizante Opal 2L,4026.47,97.7
Transición,Crema corporal Colgate 200ml,1899.64,101.8
Transición,Bolsas basura Ace 20u,1292.97,103.8
Transición,Escoba Sapolio unidad,1468.77,110.5
Transición,Aceite Vegetal Paisana 900ml,1443.42,107.7
Transición,Jamón Bonlé 500g,1035.45,86.5
Transición,Aceite Vegetal Nicolini 900ml,2528.56,103.1
Transición,Queso Danlac 250g,1101.1,94.0
Transición,Harina Molitalia 1kg,1361.76,97.0
Transición,Chocolate para taza Florida 100g,994.26,88.9
Transición,Café instantáneo Molitalia 100g,1687.14,103.0
