KeySucursal,NombreSucursal,Fecha,tipo_evento,nombre_evento,venta_pronosticada
6,KUSI MINIMARKET - Silva Santisteban,2025-09-01,,,249.13
6,KUSI MINIMARKET - Silva Santisteban,2025-09-02,,,252.72
6,KUSI MINIMARKET - Silva Santisteban,2025-09-03,,,265.96
6,KUSI MINIMARKET - Silva Santisteban,2025-09-04,,,248.18
6,KUSI MINIMARKET - Silva Santisteban,2025-09-05,,,268.8
6,KUSI MINIMARKET - Silva Santisteban,2025-09-06,,,273.91
6,KUSI MINIMARKET - Silva Santisteban,2025-09-07,,,249.91
6,KUSI MINIMARKET - Silva Santisteban,2025-09-08,,,249.13
6,KUSI MINIMARKET - Silva Santisteban,2025-09-09,,,252.72
6,KUSI MINIMARKET - Silva Santisteban,2025-09-10,,,265.96
6,KUSI MINIMARKET - Silva Santisteban,2025-09-11,,,248.18
6,KUSI MINIMARKET - Silva Santisteban,2025-09-12,,,268.8
6,KUSI MINIMARKET - Silva Santisteban,2025-09-13,,,273.91
6,KUSI MINIMARKET - Silva Santisteban,2025-09-14,,,249.91
5,KUSI MINIMARKET - San Sebastián,2025-09-01,,,262.23
5,KUSI MINIMARKET - San Sebastián,2025-09-02,,,250.01
5,KUSI MINIMARKET - San Sebastián,2025-09-03,,,259.77
5,KUSI MINIMARKET - San Sebastián,2025-09-04,,,267.7
5,KUSI MINIMARKET - San Sebastián,2025-09-05,,,268.21
5,KUSI MINIMARKET - San Sebastián,2025-09-06,,,273.96
5,KUSI MINIMARKET - San Sebastián,2025-09-07,,,242.41
5,KUSI MINIMARKET - San Sebastián,2025-09-08,,,262.23
5,KUSI MINIMARKET - San Sebastián,2025-09-09,,,250.01
5,KUSI MINIMARKET - San Sebastián,2025-09-10,,,259.77
5,KUSI MINIMARKET - San Sebastián,2025-09-11,,,267.7
5,KUSI MINIMARKET - San Sebastián,2025-09-12,,,268.21
5,KUSI MINIMARKET - San Sebastián,2025-09-13,,,273.96
5,KUSI MINIMARKET - San Sebastián,2025-09-14,,,242.41
3,KUSI MINIMARKET - Amalia Puga,2025-09-01,,,364.89
3,KUSI MINIMARKET - Amalia Puga,2025-09-02,,,377.21
3,KUSI MINIMARKET - Amalia Puga,2025-09-03,,,369.1
3,KUSI MINIMARKET - Amalia Puga,2025-09-04,,,385.1
3,KUSI MINIMARKET - Amalia Puga,2025-09-05,,,384.37
3,KUSI MINIMARKET - Amalia Puga,2025-09-06,,,376.13
3,KUSI MINIMARKET - Amalia Puga,2025-09-07,,,375.09
3,KUSI MINIMARKET - Amalia Puga,2025-09-08,,,364.89
3,KUSI MINIMARKET - Amalia Puga,2025-09-09,,,377.21
3,KUSI MINIMARKET - Amalia Puga,2025-09-10,,,369.1
3,KUSI MINIMARKET - Amalia Puga,2025-09-11,,,385.1
3,KUSI MINIMARKET - Amalia Puga,2025-09-12,,,384.37
3,KUSI MINIMARKET - Amalia Puga,2025-09-13,,,376.13
3,KUSI MINIMARKET - Amalia Puga,2025-09-14,,,375.09
7,KUSI MINIMARKET - San Roque,2025-09-01,,,227.69
7,KUSI MINIMARKET - San Roque,2025-09-02,,,217.93
7,KUSI MINIMARKET - San Roque,2025-09-03,,,234.39
7,KUSI MINIMARKET - San Roque,2025-09-04,,,234.33
7,KUSI MINIMARKET - San Roque,2025-09-05,,,228.45
7,KUSI MINIMARKET - San Roque,2025-09-06,,,234.93
7,KUSI MINIMARKET - San Roque,2025-09-07,,,247.83
7,KUSI MINIMARKET - San Roque,2025-09-08,,,227.69
7,KUSI MINIMARKET - San Roque,2025-09-09,,,217.93
7,KUSI MINIMARKET - San Roque,2025-09-10,,,234.39
7,KUSI MINIMARKET - San Roque,2025-09-11,,,234.33
7,KUSI MINIMARKET - San Roque,2025-09-12,,,228.45
7,KUSI MINIMARKET - San Roque,2025-09-13,,,234.93
7,KUSI MINIMARKET - San Roque,2025-09-14,,,247.83
1,KUSI MINIMARKET - Vía de Evitamiento Norte,2025-09-01,,,730.56
1,KUSI MINIMARKET - Vía de Evitamiento Norte,2025-09-02,,,698.45
1,KUSI MINIMARKET - Vía de Evitamiento Norte,2025-09-03,,,725.12
1,KUSI MINIMARKET - Vía de Evitamiento Norte,2025-09-04,,,725.85
1,KUSI MINIMARKET - Vía de Evitamiento Norte,2025-09-05,,,733.67
1,KUSI MINIMARKET - Vía de Evitamiento Norte,2025-09-06,,,757.88
1,KUSI MINIMARKET - Vía de Evitamiento Norte,2025-09-07,,,730.95
1,KUSI MINIMARKET - Vía de Evitamiento Norte,2025-09-08,,,730.56
1,KUSI MINIMARKET - Vía de Evitamiento Norte,2025-09-09,,,698.45
1,KUSI MINIMARKET - Vía de Evitamiento Norte,2025-09-10,,,725.12
1,KUSI MINIMARKET - Vía de Evitamiento Norte,2025-09-11,,,725.85
1,KUSI MINIMARKET - Vía de Evitamiento Norte,2025-09-12,,,733.67
1,KUSI MINIMARKET - Vía de Evitamiento Norte,2025-09-13,,,757.88
1,KUSI MINIMARKET - Vía de Evitamiento Norte,2025-09-14,,,730.95
4,KUSI MINIMARKET - Del Comercio,2025-09-01,,,346.69
4,KUSI MINIMARKET - Del Comercio,2025-09-02,,,353.88
4,KUSI MINIMARKET - Del Comercio,2025-09-03,,,339.77
4,KUSI MINIMARKET - Del Comercio,2025-09-04,,,347.52
4,KUSI MINIMARKET - Del Comercio,2025-09-05,,,353.88
4,KUSI MINIMARKET - Del Comercio,2025-09-06,,,369.83
4,KUSI MINIMARKET - Del Comercio,2025-09-07,,,359.59
4,KUSI MINIMARKET - Del Comercio,2025-09-08,,,346.69
4,KUSI MINIMARKET - Del Comercio,2025-09-09,,,353.88
4,KUSI MINIMARKET - Del Comercio,2025-09-10,,,339.77
4,KUSI MINIMARKET - Del Comercio,2025-09-11,,,347.52
4,KUSI MINIMARKET - Del Comercio,2025-09-12,,,353.88
4,KUSI MINIMARKET - Del Comercio,2025-09-13,,,369.83
4,KUSI MINIMARKET - Del Comercio,2025-09-14,,,359.59
2,KUSI MINIMARKET - Hoyos Rubio,2025-09-01,,,390.74
2,KUSI MINIMARKET - Hoyos Rubio,2025-09-02,,,398.38
2,KUSI MINIMARKET - Hoyos Rubio,2025-09-03,,,407.65
2,KUSI MINIMARKET - Hoyos Rubio,2025-09-04,,,414.39
2,KUSI MINIMARKET - Hoyos Rubio,2025-09-05,,,417.05
2,KUSI MINIMARKET - Hoyos Rubio,2025-09-06,,,411.84
2,KUSI MINIMARKET - Hoyos Rubio,2025-09-07,,,420.69
2,KUSI MINIMARKET - Hoyos Rubio,2025-09-08,,,390.74
2,KUSI MINIMARKET - Hoyos Rubio,2025-09-09,,,398.38
2,KUSI MINIMARKET - Hoyos Rubio,2025-09-10,,,407.65
2,KUSI MINIMARKET - Hoyos Rubio,2025-09-11,,,414.39
2,KUSI MINIMARKET - Hoyos Rubio,2025-09-12,,,417.05
2,KUSI MINIMARKET - Hoyos Rubio,2025-09-13,,,411.84
2,KUSI MINIMARKET - Hoyos Rubio,2025-09-14,,,420.69
